// Generated by tools/generate_crt_font.py
// LUNA font generation: Danny Nunez (dnunezx) 2026
#ifndef _UI_DEJAVU_SANS_H_
#define _UI_DEJAVU_SANS_H_

#ifndef _BMFONT_TYPES_
#define _BMFONT_TYPES_
#include <stddef.h>
#include <stdint.h>
typedef struct BMFontKerning { uint32_t secondChar; int16_t amount; } BMFontKerning;
typedef struct BMFontChar {
  uint16_t x, y, width, height;
  int16_t xoffset, yoffset, xadvance;
  uint8_t page, kerningsCount, channels;
  const BMFontKerning *kernings;
} BMFontChar;
typedef struct BMFontBucket { uint32_t startChar, endChar; const BMFontChar *chars; } BMFontBucket;
typedef struct BMFontPage { unsigned int size; unsigned char *data; } BMFontPage;
typedef enum { CHANNEL_GLYPH, CHANNEL_OUTLINE, CHANNEL_GLYPH_OUTLINE, CHANNEL_ZERO, CHANNEL_ONE } ChannelType;
typedef struct BMFont {
  uint16_t scaleW, scaleH, size;
  uint8_t lineHeight, base, isPacked;
  ChannelType aChannelType, rChannelType, gChannelType, bChannelType;
  uint16_t bucketCount; const BMFontBucket *buckets;
  uint16_t pageCount; const BMFontPage *pages;
} BMFont;
#endif

unsigned char BMFONT_DEJAVU_SANS_PAGE_0[];

const BMFontChar BMFONT_DEJAVU_SANS_BUCKET_0[] = {
  {1, 1, 1, 20, 0, 0, 5, 0, 0, 15, NULL},
  {4, 1, 9, 14, -1, 2, 7, 0, 0, 15, NULL},
  {15, 1, 10, 14, -1, 2, 8, 0, 0, 15, NULL},
  {27, 1, 16, 13, -1, 3, 14, 0, 0, 15, NULL},
  {45, 1, 13, 18, -1, 1, 11, 0, 0, 15, NULL},
  {60, 1, 18, 14, -1, 2, 16, 0, 0, 15, NULL},
  {80, 1, 15, 14, -1, 2, 13, 0, 0, 15, NULL},
  {97, 1, 7, 14, -1, 2, 5, 0, 0, 15, NULL},
  {106, 1, 9, 17, -1, 1, 7, 0, 0, 15, NULL},
  {117, 1, 9, 17, -1, 1, 7, 0, 0, 15, NULL},
  {128, 1, 11, 14, -1, 2, 9, 0, 0, 15, NULL},
  {141, 1, 16, 14, -1, 2, 14, 0, 0, 15, NULL},
  {159, 1, 7, 6, -1, 12, 5, 0, 0, 15, NULL},
  {168, 1, 8, 8, -1, 8, 6, 0, 0, 15, NULL},
  {178, 1, 7, 4, -1, 12, 5, 0, 0, 15, NULL},
  {187, 1, 8, 16, -1, 2, 6, 0, 0, 15, NULL},
  {197, 1, 13, 14, -1, 2, 11, 0, 0, 15, NULL},
  {212, 1, 13, 14, -1, 2, 11, 0, 0, 15, NULL},
  {227, 1, 13, 14, -1, 2, 11, 0, 0, 15, NULL},
  {1, 23, 13, 14, -1, 2, 11, 0, 0, 15, NULL},
  {16, 23, 13, 14, -1, 2, 11, 0, 0, 15, NULL},
  {31, 23, 13, 14, -1, 2, 11, 0, 0, 15, NULL},
  {46, 23, 13, 14, -1, 2, 11, 0, 0, 15, NULL},
  {61, 23, 13, 14, -1, 2, 11, 0, 0, 15, NULL},
  {76, 23, 13, 14, -1, 2, 11, 0, 0, 15, NULL},
  {91, 23, 13, 14, -1, 2, 11, 0, 0, 15, NULL},
  {106, 23, 8, 11, -1, 5, 6, 0, 0, 15, NULL},
  {116, 23, 8, 13, -1, 5, 6, 0, 0, 15, NULL},
  {126, 23, 16, 12, -1, 4, 14, 0, 0, 15, NULL},
  {144, 23, 16, 10, -1, 6, 14, 0, 0, 15, NULL},
  {162, 23, 16, 12, -1, 4, 14, 0, 0, 15, NULL},
  {180, 23, 11, 14, -1, 2, 9, 0, 0, 15, NULL},
  {193, 23, 19, 17, -1, 2, 17, 0, 0, 15, NULL},
  {214, 23, 14, 14, -1, 2, 12, 0, 0, 15, NULL},
  {230, 23, 14, 14, -1, 2, 12, 0, 0, 15, NULL},
  {1, 45, 14, 14, -1, 2, 12, 0, 0, 15, NULL},
  {17, 45, 15, 14, -1, 2, 13, 0, 0, 15, NULL},
  {34, 45, 13, 14, -1, 2, 11, 0, 0, 15, NULL},
  {49, 45, 12, 14, -1, 2, 10, 0, 0, 15, NULL},
  {63, 45, 15, 14, -1, 2, 13, 0, 0, 15, NULL},
  {80, 45, 15, 14, -1, 2, 13, 0, 0, 15, NULL},
  {97, 45, 7, 14, -1, 2, 5, 0, 0, 15, NULL},
  {106, 45, 8, 17, -2, 2, 5, 0, 0, 15, NULL},
  {116, 45, 14, 14, -1, 2, 11, 0, 0, 15, NULL},
  {132, 45, 12, 14, -1, 2, 9, 0, 0, 15, NULL},
  {146, 45, 17, 14, -1, 2, 15, 0, 0, 15, NULL},
  {165, 45, 15, 14, -1, 2, 13, 0, 0, 15, NULL},
  {182, 45, 15, 14, -1, 2, 13, 0, 0, 15, NULL},
  {199, 45, 12, 14, -1, 2, 10, 0, 0, 15, NULL},
  {213, 45, 15, 16, -1, 2, 13, 0, 0, 15, NULL},
  {230, 45, 14, 14, -1, 2, 12, 0, 0, 15, NULL},
  {1, 67, 13, 14, -1, 2, 11, 0, 0, 15, NULL},
  {16, 67, 14, 14, -2, 2, 10, 0, 0, 15, NULL},
  {32, 67, 14, 14, -1, 2, 12, 0, 0, 15, NULL},
  {48, 67, 14, 14, -1, 2, 12, 0, 0, 15, NULL},
  {64, 67, 19, 14, -1, 2, 17, 0, 0, 15, NULL},
  {85, 67, 14, 14, -1, 2, 12, 0, 0, 15, NULL},
  {101, 67, 14, 14, -2, 2, 10, 0, 0, 15, NULL},
  {117, 67, 14, 14, -1, 2, 12, 0, 0, 15, NULL},
  {133, 67, 9, 17, -1, 1, 7, 0, 0, 15, NULL},
  {144, 67, 8, 16, -1, 2, 6, 0, 0, 15, NULL},
  {154, 67, 9, 17, -1, 1, 7, 0, 0, 15, NULL},
  {165, 67, 16, 14, -1, 2, 14, 0, 0, 15, NULL},
  {183, 67, 12, 6, -2, 14, 9, 0, 0, 15, NULL},
  {197, 67, 11, 16, -1, 0, 9, 0, 0, 15, NULL},
  {210, 67, 12, 11, -1, 5, 10, 0, 0, 15, NULL},
  {224, 67, 13, 15, -1, 1, 11, 0, 0, 15, NULL},
  {239, 67, 11, 11, -1, 5, 9, 0, 0, 15, NULL},
  {1, 89, 13, 15, -1, 1, 11, 0, 0, 15, NULL},
  {16, 89, 12, 11, -1, 5, 10, 0, 0, 15, NULL},
  {30, 89, 9, 15, -1, 1, 6, 0, 0, 15, NULL},
  {41, 89, 13, 15, -1, 5, 11, 0, 0, 15, NULL},
  {56, 89, 13, 15, -1, 1, 11, 0, 0, 15, NULL},
  {71, 89, 7, 15, -1, 1, 5, 0, 0, 15, NULL},
  {80, 89, 8, 19, -2, 1, 5, 0, 0, 15, NULL},
  {90, 89, 12, 15, -1, 1, 10, 0, 0, 15, NULL},
  {104, 89, 7, 15, -1, 1, 5, 0, 0, 15, NULL},
  {113, 89, 19, 11, -1, 5, 17, 0, 0, 15, NULL},
  {134, 89, 13, 11, -1, 5, 11, 0, 0, 15, NULL},
  {149, 89, 12, 11, -1, 5, 10, 0, 0, 15, NULL},
  {163, 89, 13, 15, -1, 5, 11, 0, 0, 15, NULL},
  {178, 89, 13, 15, -1, 5, 11, 0, 0, 15, NULL},
  {193, 89, 9, 11, -1, 5, 7, 0, 0, 15, NULL},
  {204, 89, 11, 11, -1, 5, 9, 0, 0, 15, NULL},
  {217, 89, 9, 14, -1, 2, 7, 0, 0, 15, NULL},
  {228, 89, 13, 11, -1, 5, 11, 0, 0, 15, NULL},
  {1, 111, 12, 11, -1, 5, 10, 0, 0, 15, NULL},
  {15, 111, 16, 11, -1, 5, 14, 0, 0, 15, NULL},
  {33, 111, 12, 11, -1, 5, 10, 0, 0, 15, NULL},
  {47, 111, 12, 15, -1, 5, 10, 0, 0, 15, NULL},
  {61, 111, 11, 11, -1, 5, 9, 0, 0, 15, NULL},
  {74, 111, 13, 18, -1, 1, 11, 0, 0, 15, NULL},
  {89, 111, 8, 19, -1, 1, 6, 0, 0, 15, NULL},
  {99, 111, 13, 18, -1, 1, 11, 0, 0, 15, NULL},
  {114, 111, 16, 10, -1, 6, 14, 0, 0, 15, NULL},
};
const BMFontBucket BMFONT_DEJAVU_SANS_BUCKETS[] = {{32, 126, BMFONT_DEJAVU_SANS_BUCKET_0}};
const BMFontPage BMFONT_DEJAVU_SANS_PAGES[] = {{15632, BMFONT_DEJAVU_SANS_PAGE_0}};
const struct BMFont BMFONT_DEJAVU_SANS = {
  .scaleW = 256, .scaleH = 256, .size = 20, .lineHeight = 20, .base = 15, .isPacked = 0,
  .aChannelType = CHANNEL_GLYPH, .rChannelType = CHANNEL_ONE,
  .gChannelType = CHANNEL_ONE, .bChannelType = CHANNEL_ONE,
  .bucketCount = 1, .buckets = BMFONT_DEJAVU_SANS_BUCKETS,
  .pageCount = 1, .pages = BMFONT_DEJAVU_SANS_PAGES,
};
unsigned char BMFONT_DEJAVU_SANS_PAGE_0[] __attribute__((aligned(16))) = {
    0x89, 0x50, 0x4e, 0x47, 0x0d, 0x0a, 0x1a, 0x0a, 0x00, 0x00, 0x00, 0x0d, 0x49, 0x48, 0x44, 0x52,
    0x00, 0x00, 0x01, 0x00, 0x00, 0x00, 0x01, 0x00, 0x08, 0x06, 0x00, 0x00, 0x00, 0x5c, 0x72, 0xa8,
    0x66, 0x00, 0x00, 0x3c, 0xd7, 0x49, 0x44, 0x41, 0x54, 0x78, 0xda, 0xed, 0x7d, 0x69, 0x98, 0x55,
    0xd5, 0x95, 0xf6, 0x5b, 0x45, 0x41, 0x01, 0xc5, 0x20, 0x08, 0x32, 0xcf, 0x32, 0x0f, 0x4e, 0x01,
    0x15, 0x70, 0x46, 0x09, 0x4e, 0x71, 0x6e, 0xa7, 0x18, 0xc7, 0x56, 0x92, 0x68, 0x4c, 0x4c, 0xb4,
    0x63, 0x92, 0xee, 0x74, 0x62, 0x3a, 0xed, 0xd7, 0xd1, 0xee, 0x74, 0x7f, 0xd1, 0x74, 0x12, 0x33,
    0x19, 0x4d, 0xe2, 0x80, 0x46, 0xe3, 0xc0, 0x24, 0xb3, 0xa0, 0x20, 0xca, 0x50, 0x0c, 0xc5, 0x50,
    0x14, 0x14, 0x05, 0x05, 0xc5, 0x54, 0x45, 0xcd, 0xc3, 0xfa, 0x7e, 0xac, 0xf7, 0x7c, 0xb5, 0x3d,
    0x9e, 0x73, 0xee, 0xb9, 0xb7, 0xee, 0x65, 0x72, 0xbd, 0xcf, 0x73, 0x1f, 0x8a, 0x7b, 0xcf, 0xb8,
    0xf7, 0xda, 0xef, 0x5e, 0x6b, 0xed, 0xb5, 0xd6, 0xce, 0x12, 0x11, 0x18, 0x0c, 0x86, 0xcf, 0x27,
    0x72, 0x22, 0x7e, 0x3b, 0x05, 0xc0, 0x15, 0x00, 0x72, 0x01, 0x54, 0x00, 0x78, 0x05, 0x40, 0x6d,
    0xc0, 0x71, 0x9d, 0x01, 0x5c, 0x03, 0xa0, 0x1d, 0x80, 0x32, 0x1e, 0xdf, 0x11, 0xc0, 0x21, 0x00,
    0x2f, 0x03, 0x68, 0x88, 0xf1, 0x1c, 0x53, 0x00, 0x9c, 0x0a, 0xa0, 0x06, 0xc0, 0xbb, 0x00, 0xce,
    0x07, 0xd0, 0x15, 0xc0, 0x41, 0xde, 0x37, 0xce, 0x35, 0xae, 0xe5, 0x33, 0x7f, 0x08, 0xe0, 0xe3,
    0x18, 0xc7, 0xf7, 0x00, 0x70, 0x36, 0xff, 0xad, 0x03, 0xb0, 0x85, 0xe7, 0xd6, 0x39, 0xc7, 0x9c,
    0x01, 0x60, 0x3c, 0xff, 0x5e, 0x04, 0x60, 0x7d, 0x82, 0x6b, 0x66, 0x03, 0x18, 0xc9, 0x4f, 0x67,
    0x00, 0x4d, 0x00, 0x76, 0x01, 0x58, 0xc5, 0x7f, 0xa3, 0xe0, 0xb6, 0x63, 0x09, 0x80, 0x37, 0x12,
    0xf4, 0xdb, 0x15, 0x00, 0x7a, 0xb1, 0x8d, 0xde, 0x04, 0x50, 0xe9, 0x3b, 0x66, 0x18, 0xdb, 0x31,
    0x1b, 0xc0, 0x07, 0x7c, 0x86, 0x44, 0x68, 0x03, 0xe0, 0x06, 0x00, 0x1d, 0x00, 0x2c, 0x03, 0xb0,
    0x3a, 0x49, 0x79, 0x1a, 0x04, 0xe0, 0x12, 0x00, 0xad, 0xd8, 0x07, 0x1f, 0xc6, 0x3c, 0x6f, 0x1a,
    0x80, 0x01, 0x00, 0x24, 0xa0, 0xff, 0x72, 0xf8, 0x4c, 0x27, 0xf9, 0xce, 0xa9, 0x04, 0x30, 0xc3,
    0xf7, 0xde, 0x39, 0x00, 0x6e, 0x64, 0x5b, 0x36, 0x00, 0x98, 0x03, 0x60, 0x5b, 0xc4, 0x7d, 0x4f,
    0xa3, 0x0c, 0x00, 0xc0, 0xfb, 0x00, 0xd6, 0x06, 0x1c, 0xd3, 0x09, 0xc0, 0x59, 0x00, 0xfa, 0x01,
    0x68, 0x0b, 0xe0, 0x30, 0x80, 0x42, 0x00, 0x1f, 0xf9, 0x64, 0xc5, 0x8f, 0x2c, 0x00, 0x7d, 0x00,
    0x0c, 0x61, 0xbb, 0xb4, 0x05, 0x50, 0x0f, 0x60, 0x26, 0x80, 0xe2, 0x04, 0xed, 0xd1, 0x95, 0x32,
    0xd4, 0x97, 0xf7, 0x6f, 0x02, 0x70, 0x00, 0x40, 0x01, 0x80, 0x75, 0xfc, 0x7f, 0x7a, 0x20, 0x22,
    0x61, 0x9f, 0x71, 0x22, 0xf2, 0x92, 0x28, 0x9e, 0x16, 0x91, 0xde, 0x21, 0xc7, 0x0d, 0x13, 0x91,
    0xdf, 0xf2, 0xb8, 0x6f, 0x88, 0xc8, 0xcf, 0xf8, 0xf7, 0x13, 0x22, 0xd2, 0x2d, 0xe2, 0xfa, 0xde,
    0xa7, 0x9d, 0x88, 0x7c, 0x53, 0x44, 0x1a, 0x45, 0xe4, 0x19, 0x11, 0xb9, 0x58, 0x44, 0x7e, 0xce,
    0xff, 0x3f, 0xc2, 0xdf, 0x13, 0x5d, 0xa3, 0xad, 0x88, 0x7c, 0x5b, 0x44, 0x0a, 0x44, 0xe4, 0xea,
    0x18, 0xc7, 0x77, 0x17, 0x91, 0xaf, 0x8b, 0xc8, 0x52, 0x11, 0xa9, 0x14, 0x91, 0x3d, 0x22, 0xf2,
    0x1c, 0xcf, 0xcd, 0xe2, 0x31, 0x3d, 0x45, 0xe4, 0x51, 0xfe, 0xfe, 0x0c, 0xdb, 0x23, 0xd1, 0x75,
    0xaf, 0xe0, 0xb3, 0x6f, 0x11, 0x91, 0x6a, 0x11, 0xd9, 0x27, 0x22, 0x0b, 0x44, 0xe4, 0x31, 0x11,
    0x19, 0x92, 0xe0, 0x5c, 0x7f, 0x3b, 0xb6, 0x8e, 0x38, 0x76, 0x3c, 0x9f, 0xb7, 0x4a, 0x44, 0x1e,
    0x16, 0x91, 0xbc, 0x80, 0x63, 0xce, 0x10, 0x91, 0xe7, 0x45, 0xa4, 0x5c, 0x44, 0x1e, 0x12, 0x91,
    0xce, 0x31, 0x9e, 0xbf, 0x87, 0x88, 0x3c, 0x29, 0x22, 0xf9, 0x7c, 0x17, 0x24, 0xf9, 0x99, 0x2c,
    0x22, 0xf3, 0x45, 0x64, 0x87, 0x88, 0xdc, 0x98, 0xc4, 0x79, 0x0f, 0xf0, 0xbd, 0x83, 0xfa, 0xaf,
    0xab, 0x88, 0xfc, 0x48, 0x3e, 0x8b, 0x5f, 0x88, 0xc8, 0x00, 0xdf, 0xb1, 0xdd, 0x28, 0x77, 0x22,
    0x22, 0x73, 0x45, 0x64, 0x52, 0x82, 0xfb, 0xde, 0x2e, 0x22, 0xbb, 0x45, 0x64, 0x9e, 0x88, 0x5c,
    0x10, 0xf0, 0xfb, 0x29, 0x22, 0x32, 0x5d, 0x44, 0x66, 0x8a, 0xc8, 0x7e, 0x11, 0xa9, 0xe7, 0xf1,
    0x7f, 0x15, 0x91, 0x5b, 0x45, 0xa4, 0x7d, 0xc8, 0x75, 0xb3, 0x45, 0xe4, 0x66, 0x11, 0xf9, 0xa9,
    0x88, 0xcc, 0xa6, 0x1c, 0x88, 0x88, 0xbc, 0x2d, 0x22, 0x13, 0x12, 0x3c, 0xd3, 0x18, 0x11, 0xf9,
    0x8e, 0x88, 0xcc, 0x10, 0x91, 0x42, 0xca, 0xd1, 0x21, 0x11, 0x59, 0xc7, 0x71, 0x78, 0x6d, 0x02,
    0xd9, 0x48, 0xea, 0x93, 0x73, 0x0c, 0x68, 0x21, 0xfd, 0xc8, 0x76, 0x4d, 0x00, 0x36, 0x00, 0x68,
    0x0d, 0x60, 0x0c, 0x99, 0x7b, 0x3b, 0x80, 0xea, 0x04, 0xe7, 0x0f, 0x04, 0xf0, 0x05, 0xe7, 0xff,
    0xbd, 0x01, 0x5c, 0xcc, 0x19, 0x6f, 0x5f, 0xc8, 0x39, 0xe3, 0x39, 0xab, 0xf4, 0x03, 0xf0, 0x23,
    0x5e, 0xe3, 0x7e, 0x67, 0xb6, 0x2e, 0x06, 0x70, 0x21, 0x80, 0x9b, 0xc9, 0xb8, 0xf3, 0x43, 0x66,
    0x07, 0x17, 0x03, 0x00, 0x9c, 0x0b, 0xe0, 0x6b, 0x00, 0x96, 0x02, 0x78, 0x96, 0xb3, 0xf9, 0xed,
    0x00, 0xae, 0xe2, 0x2c, 0xbc, 0x25, 0x0d, 0xed, 0xd5, 0x8e, 0xef, 0x7b, 0x0d, 0x80, 0xb9, 0x00,
    0x3e, 0x09, 0x98, 0xfd, 0x01, 0x20, 0x9f, 0xcf, 0x3d, 0x95, 0xda, 0xc2, 0x06, 0x00, 0xb3, 0x42,
    0xb4, 0x89, 0x2b, 0xd9, 0xee, 0xc5, 0xbe, 0xfb, 0x5c, 0xc8, 0xf7, 0x5a, 0x02, 0x60, 0x73, 0x86,
    0xfa, 0x3f, 0x97, 0x1f, 0x50, 0x9b, 0xa9, 0x3f, 0x42, 0x72, 0xd7, 0x8d, 0xb3, 0x73, 0x0f, 0x00,
    0x7f, 0xa1, 0xac, 0xf9, 0xb5, 0xb9, 0x29, 0x00, 0xa6, 0xb3, 0x0d, 0x7e, 0xc5, 0x63, 0xc6, 0x02,
    0xb8, 0x0b, 0x40, 0x1e, 0x80, 0xfd, 0xd4, 0x58, 0xfd, 0xc8, 0x03, 0x30, 0x18, 0xc0, 0x2d, 0xd4,
    0x14, 0xfe, 0x04, 0xe0, 0xa1, 0x98, 0xcf, 0xd5, 0x9b, 0xe7, 0x0d, 0x01, 0xf0, 0x3a, 0xfb, 0x37,
    0x97, 0x5a, 0xd2, 0x37, 0x01, 0x9c, 0x0c, 0xa0, 0x94, 0x1a, 0x4b, 0x46, 0x4d, 0x80, 0x4c, 0xe2,
    0x34, 0x00, 0xe7, 0x50, 0x4d, 0x02, 0x80, 0x51, 0x00, 0x36, 0x51, 0xa5, 0x1a, 0xc4, 0x46, 0x5e,
    0xca, 0x97, 0x7d, 0x80, 0xbf, 0xcd, 0x0d, 0xb8, 0xce, 0x85, 0x54, 0x39, 0xaf, 0x62, 0x83, 0x75,
    0x00, 0xf0, 0x63, 0xaa, 0xae, 0xb3, 0xa9, 0x22, 0x16, 0x84, 0xa8, 0xff, 0xe3, 0xf9, 0xfb, 0xdb,
    0x24, 0xa0, 0x69, 0xfc, 0xee, 0x4d, 0xfe, 0x7e, 0x11, 0x80, 0xa1, 0x00, 0xfe, 0x95, 0x03, 0xa9,
    0x29, 0x86, 0x40, 0x8d, 0xa4, 0xfa, 0xfb, 0x0e, 0x80, 0x3f, 0x50, 0xa5, 0x2e, 0x05, 0x30, 0x29,
    0x8d, 0x6d, 0x37, 0x12, 0xc0, 0x44, 0xaa, 0xc4, 0x0b, 0x01, 0xac, 0x0c, 0x39, 0xae, 0x8e, 0xa4,
    0xb5, 0x88, 0x04, 0xf0, 0x36, 0x07, 0xb2, 0x9f, 0x2c, 0x4e, 0xe5, 0xf5, 0xae, 0xe4, 0x73, 0x37,
    0x38, 0xc4, 0xfc, 0x15, 0xb6, 0x45, 0x63, 0x06, 0x09, 0xa0, 0x0f, 0xdb, 0x59, 0x38, 0x98, 0xd6,
    0xf9, 0x7e, 0x2f, 0xe7, 0x77, 0xd3, 0x03, 0x4c, 0x80, 0x32, 0xdf, 0x77, 0x07, 0x49, 0x7c, 0xd3,
    0xf9, 0x1e, 0x3b, 0x13, 0x98, 0x2b, 0xe3, 0x38, 0xc1, 0xac, 0x07, 0xb0, 0xc3, 0xf7, 0xfb, 0x60,
    0x9a, 0x07, 0x63, 0x01, 0xfc, 0x0e, 0xc0, 0x6b, 0x34, 0x4f, 0xa6, 0xf2, 0xdc, 0xa9, 0x6c, 0xdb,
    0xf7, 0xf9, 0x8c, 0x2e, 0x0e, 0xf3, 0x99, 0x1f, 0x03, 0xb0, 0x9b, 0xb2, 0x94, 0x0c, 0xb6, 0x01,
    0x78, 0x91, 0xd7, 0x5f, 0x45, 0xf3, 0xa1, 0x84, 0x32, 0x7e, 0x35, 0x80, 0x79, 0xc7, 0x3b, 0x01,
    0xf4, 0x07, 0xf0, 0x30, 0x80, 0x11, 0xbe, 0xef, 0x9f, 0x75, 0xfe, 0xbe, 0x9a, 0x9f, 0x6a, 0x00,
    0x5f, 0x0f, 0x11, 0x9c, 0xf3, 0x00, 0x7c, 0x87, 0x2c, 0xfb, 0x34, 0x99, 0xf3, 0x05, 0x00, 0xa3,
    0x49, 0x0c, 0x1f, 0x05, 0x10, 0x40, 0x2b, 0x32, 0x74, 0x7b, 0xfa, 0x29, 0xbc, 0xcf, 0x01, 0x0e,
    0xaa, 0xfe, 0xbc, 0xf6, 0xcd, 0xf4, 0x61, 0xbc, 0x0f, 0x60, 0x4f, 0x8c, 0x77, 0x3a, 0xec, 0xd8,
    0xf9, 0xa7, 0xd1, 0x6e, 0x9c, 0xc5, 0x41, 0x55, 0xc7, 0x0e, 0x4c, 0x07, 0x46, 0xd0, 0xb6, 0x5f,
    0xc7, 0x77, 0x2b, 0x8f, 0x38, 0xb6, 0x80, 0x42, 0x7b, 0x2d, 0x09, 0x77, 0x31, 0xdb, 0xc4, 0xc5,
    0x76, 0x12, 0x43, 0x39, 0x05, 0x75, 0x08, 0x80, 0x2e, 0x00, 0xee, 0x25, 0x09, 0xbf, 0x1e, 0xd3,
    0xa7, 0x92, 0x2a, 0x7a, 0xf3, 0x9d, 0x96, 0xf3, 0x3e, 0x45, 0xbe, 0xdf, 0x1b, 0x38, 0x43, 0xc7,
    0x41, 0x03, 0x80, 0x3f, 0xc7, 0x3c, 0x76, 0x00, 0xfb, 0x69, 0x2d, 0xdb, 0xa0, 0x21, 0x40, 0x33,
    0x3d, 0x93, 0xc4, 0xb4, 0x9a, 0x44, 0xdb, 0xc0, 0x19, 0xf9, 0x63, 0x6a, 0x07, 0xa7, 0x51, 0x5e,
    0xfc, 0xda, 0xa1, 0xb0, 0xdd, 0x40, 0x99, 0x4a, 0x86, 0x00, 0x4a, 0x78, 0xee, 0x02, 0xa7, 0x2d,
    0x6a, 0xa8, 0xcd, 0x96, 0x51, 0x36, 0xf3, 0xa8, 0xa1, 0x34, 0x1d, 0xaf, 0x04, 0xb0, 0x03, 0xc0,
    0x7f, 0x51, 0x03, 0xe8, 0x0b, 0xe0, 0x7b, 0x9c, 0x69, 0x3d, 0xb6, 0x9c, 0x06, 0xe0, 0x51, 0xe7,
    0xf8, 0xa2, 0x80, 0x6b, 0xf4, 0xa5, 0x2a, 0xdc, 0x9a, 0x9d, 0xde, 0xd6, 0x61, 0xcf, 0x99, 0x00,
    0x86, 0x87, 0x0c, 0xba, 0x46, 0xce, 0x1e, 0x55, 0x74, 0x16, 0x79, 0x9f, 0x93, 0x38, 0x60, 0x4e,
    0x06, 0x70, 0x13, 0x9f, 0xf1, 0x43, 0x3a, 0xd3, 0x46, 0x93, 0x20, 0x56, 0x44, 0x38, 0x95, 0x6a,
    0x00, 0x6c, 0x24, 0x99, 0x5c, 0x4f, 0xf5, 0x10, 0x24, 0x81, 0xdf, 0xd3, 0xb1, 0x73, 0x27, 0x9f,
    0x73, 0x3f, 0x9d, 0x9b, 0xc9, 0x76, 0x60, 0x47, 0x0a, 0x66, 0x7f, 0x00, 0xaf, 0x86, 0xb4, 0x8b,
    0x8b, 0x03, 0x14, 0xee, 0x52, 0x0a, 0x6b, 0xdf, 0x00, 0x02, 0x70, 0x85, 0x36, 0xce, 0x77, 0x1e,
    0x5a, 0xd3, 0x8c, 0xea, 0x1c, 0xf2, 0xbb, 0xa7, 0xbd, 0x79, 0xa8, 0x05, 0xf0, 0x56, 0x00, 0x99,
    0xee, 0x03, 0xf0, 0x12, 0x07, 0xd7, 0xfb, 0x47, 0x48, 0xfe, 0x3a, 0xd0, 0xec, 0x1b, 0x4c, 0xed,
    0xae, 0x30, 0xe0, 0x98, 0x2e, 0x1c, 0x6c, 0x87, 0xf8, 0x8c, 0x35, 0xfc, 0xbe, 0x8c, 0x72, 0xea,
    0x91, 0x57, 0xd7, 0x34, 0x3f, 0xdb, 0xda, 0x00, 0x42, 0x39, 0x89, 0xc4, 0x7c, 0x2a, 0xef, 0x5f,
    0x91, 0x2e, 0x47, 0x60, 0x14, 0x01, 0x34, 0x71, 0xb0, 0x78, 0xcc, 0x1a, 0x76, 0xc3, 0x3d, 0x64,
    0xab, 0x0f, 0x1d, 0x96, 0x9a, 0xce, 0x86, 0x3b, 0x18, 0x72, 0xce, 0x27, 0xfc, 0x8c, 0x03, 0xf0,
    0x5d, 0x0e, 0xc8, 0x62, 0x0e, 0xba, 0xbb, 0x01, 0x6c, 0xe5, 0xdf, 0x6f, 0x45, 0x3c, 0x5f, 0x2b,
    0xaa, 0xd8, 0x59, 0x9c, 0xcd, 0xbd, 0xe7, 0x3b, 0x44, 0x0f, 0xf6, 0xb2, 0x04, 0x2c, 0xbb, 0x82,
    0x26, 0xc4, 0x1a, 0x0a, 0xc3, 0x00, 0xaa, 0x5d, 0x23, 0xe8, 0xfd, 0xff, 0x11, 0x07, 0xff, 0x4d,
    0x14, 0xe6, 0xcd, 0x00, 0x9e, 0xa7, 0x56, 0x50, 0x18, 0x30, 0x30, 0xa7, 0xd2, 0xce, 0xdb, 0x4a,
    0x7b, 0xfb, 0x3e, 0xb2, 0x74, 0x36, 0x09, 0x69, 0x10, 0xed, 0xf6, 0x2f, 0x51, 0x6b, 0xc9, 0xf5,
    0xf9, 0x37, 0xdc, 0x76, 0x2c, 0x09, 0xb1, 0x85, 0x7b, 0x50, 0x10, 0x3c, 0x52, 0xdc, 0x1b, 0xa3,
    0x8f, 0x4b, 0x49, 0x5a, 0x67, 0xf0, 0xfc, 0x2c, 0xdf, 0xc0, 0xee, 0x4f, 0x13, 0xe5, 0x2a, 0x9a,
    0x09, 0x2b, 0x68, 0x0e, 0xfc, 0x86, 0xbe, 0x94, 0xfb, 0x39, 0x78, 0xf3, 0x03, 0x84, 0x72, 0x1c,
    0x80, 0x7f, 0x0a, 0xb9, 0xef, 0xb3, 0xbe, 0xff, 0xbf, 0x4c, 0xf2, 0xf1, 0x13, 0xc0, 0xfa, 0x18,
    0xab, 0x2b, 0xe9, 0xc6, 0x40, 0x3e, 0x7b, 0x13, 0xfb, 0xbf, 0x28, 0xc4, 0x37, 0x91, 0xc7, 0x3e,
    0xaa, 0xf5, 0x11, 0x59, 0xb5, 0x43, 0x24, 0xb9, 0x19, 0x7e, 0xd6, 0x36, 0x00, 0x2e, 0xa3, 0x1c,
    0xe6, 0x01, 0xf8, 0x1b, 0x4d, 0x62, 0x64, 0x9a, 0x00, 0xea, 0x9c, 0x17, 0xad, 0x8e, 0x58, 0xf2,
    0x38, 0x48, 0x7b, 0x37, 0x2e, 0x46, 0x53, 0xe0, 0xb2, 0xf9, 0xff, 0x21, 0x74, 0x8e, 0xe5, 0x70,
    0x90, 0x0c, 0xe6, 0x40, 0xe8, 0xc7, 0x19, 0xa4, 0x90, 0x03, 0x28, 0x88, 0x78, 0x56, 0x73, 0xe0,
    0x3d, 0x4c, 0x75, 0xb5, 0x15, 0x97, 0xc6, 0xa6, 0x51, 0x4d, 0xdb, 0x1d, 0xf2, 0x0c, 0xcb, 0x39,
    0x03, 0xdf, 0x0e, 0xe0, 0x87, 0x54, 0xdf, 0xff, 0xc0, 0xc1, 0xf2, 0x03, 0xaa, 0x60, 0xf5, 0x00,
    0xbe, 0x4a, 0x9f, 0xc0, 0x32, 0xce, 0xde, 0x77, 0x92, 0x98, 0xfc, 0x04, 0x70, 0x06, 0xcd, 0x95,
    0x7e, 0x00, 0x1e, 0xa7, 0x76, 0xd1, 0x91, 0x6a, 0x74, 0x2b, 0x0e, 0xba, 0x26, 0xce, 0x18, 0xfb,
    0x39, 0x70, 0xab, 0x53, 0x68, 0xc7, 0x3c, 0x67, 0xc6, 0x39, 0xc4, 0xe7, 0x4e, 0x84, 0x4a, 0x1e,
    0x9b, 0xcb, 0xd9, 0xba, 0xad, 0xef, 0xde, 0x9b, 0x39, 0xf3, 0xae, 0xe0, 0xbb, 0x5d, 0xe3, 0x68,
    0x69, 0x4f, 0x91, 0x18, 0x97, 0xe1, 0xc4, 0xc2, 0x20, 0x6a, 0x44, 0x05, 0x1c, 0xfc, 0x51, 0x8e,
    0x66, 0x49, 0xf1, 0xb7, 0x74, 0x8d, 0xcf, 0xcb, 0xa9, 0x69, 0x4d, 0xa2, 0x4c, 0xbf, 0x1b, 0xe1,
    0xf7, 0x49, 0x2b, 0x01, 0xd4, 0xfa, 0x08, 0xa0, 0x16, 0xe9, 0xf3, 0xfa, 0x7f, 0x95, 0x1d, 0x10,
    0x36, 0x63, 0x5c, 0xc7, 0x4f, 0x13, 0x8f, 0x0d, 0xc2, 0x56, 0xc7, 0xdb, 0x7e, 0x35, 0x8f, 0x07,
    0x85, 0x76, 0x0d, 0x07, 0xee, 0xbb, 0x14, 0x6c, 0x3f, 0xf6, 0x73, 0x46, 0xda, 0x01, 0xa0, 0x3b,
    0x07, 0x7b, 0x5b, 0xe8, 0x1a, 0xf2, 0x41, 0x3a, 0xd7, 0xce, 0xa5, 0xe6, 0xf3, 0x2e, 0x80, 0xf7,
    0x38, 0x78, 0xbf, 0x45, 0xb5, 0x30, 0xd7, 0xd7, 0x1e, 0x7d, 0x68, 0xf3, 0x6f, 0xe5, 0x67, 0x26,
    0x6d, 0xea, 0xce, 0xf4, 0x18, 0x67, 0xd3, 0x99, 0x33, 0x8a, 0x83, 0xad, 0x08, 0xa9, 0xcf, 0x06,
    0xed, 0x1d, 0x93, 0x23, 0x8e, 0xc7, 0xbc, 0xce, 0x51, 0x5f, 0xdb, 0xf3, 0x1a, 0xd5, 0x3e, 0xbb,
    0xf9, 0x75, 0x47, 0xc3, 0x80, 0xd3, 0xe7, 0xf3, 0x23, 0xae, 0x7b, 0x90, 0xed, 0xec, 0x77, 0xce,
    0xdd, 0x4c, 0x52, 0xff, 0x49, 0x80, 0x3c, 0xed, 0x3e, 0x06, 0x06, 0x7f, 0x2e, 0xb5, 0x9e, 0x91,
    0x9c, 0x04, 0xb6, 0x45, 0xc8, 0x7f, 0x25, 0x4d, 0x81, 0x5c, 0xdf, 0xf9, 0xed, 0xf8, 0x77, 0x55,
    0x1a, 0xc7, 0x45, 0xd0, 0xd8, 0x9c, 0x46, 0x73, 0xf2, 0x06, 0x6a, 0x60, 0xbf, 0xa4, 0x4f, 0xa9,
    0xf6, 0x48, 0x10, 0xc0, 0x1e, 0x32, 0xff, 0x1a, 0xfe, 0x5d, 0x95, 0x46, 0xfb, 0xff, 0x19, 0x0e,
    0x8a, 0xc1, 0x54, 0x87, 0x1f, 0xa7, 0xbd, 0x7a, 0x29, 0x1d, 0x5c, 0x3f, 0x48, 0x60, 0xff, 0x7b,
    0x26, 0xca, 0x9b, 0x34, 0x1d, 0x56, 0x92, 0x58, 0xa6, 0xd3, 0x0e, 0x3f, 0x87, 0x3e, 0x80, 0x2a,
    0xfe, 0xbf, 0x22, 0xe0, 0xfc, 0xdd, 0x8e, 0xe0, 0x8f, 0x82, 0x7a, 0xbc, 0x27, 0x03, 0xf8, 0x37,
    0xce, 0xd0, 0x9d, 0x79, 0xde, 0x61, 0x9a, 0x36, 0x07, 0x1c, 0xd5, 0xb7, 0x83, 0xaf, 0x13, 0x3c,
    0x73, 0x24, 0x97, 0xb3, 0x7d, 0x35, 0x80, 0xbf, 0xf3, 0xbb, 0x8e, 0xd4, 0x1c, 0xf2, 0xf9, 0xff,
    0x79, 0x01, 0xea, 0x74, 0x5c, 0xd4, 0x39, 0xfd, 0xd0, 0x8e, 0x76, 0x78, 0x1c, 0xd2, 0x68, 0xeb,
    0x68, 0x03, 0x75, 0x09, 0x7c, 0x06, 0xab, 0xa9, 0x91, 0xed, 0x48, 0x70, 0xdd, 0x7a, 0x9a, 0x4c,
    0x2e, 0x26, 0xfb, 0x6c, 0xfb, 0x97, 0x8f, 0xc1, 0xd9, 0xbf, 0x3f, 0xb5, 0xd0, 0xd6, 0x7c, 0xd7,
    0xc2, 0x08, 0x82, 0xdb, 0x49, 0x73, 0xe1, 0x64, 0xb6, 0x61, 0x0d, 0x74, 0xb5, 0xa7, 0x27, 0x8f,
    0xd9, 0xe9, 0xf8, 0x7a, 0xd2, 0x89, 0x6c, 0x6a, 0xb6, 0xd7, 0x02, 0xb8, 0x8d, 0x26, 0xe5, 0xff,
    0xa5, 0xfa, 0x5f, 0x76, 0xa4, 0x22, 0x01, 0x3b, 0x3a, 0xbf, 0xb7, 0xa3, 0x20, 0xa5, 0x83, 0x79,
    0xf2, 0xf9, 0x99, 0x48, 0xbb, 0xb3, 0x84, 0x83, 0xbc, 0x06, 0xba, 0xfe, 0x9f, 0xcf, 0x41, 0x3b,
    0x2f, 0xc6, 0xb5, 0x1a, 0x39, 0xc3, 0xaf, 0x85, 0xae, 0x14, 0x1c, 0xa2, 0x50, 0x6e, 0xa4, 0xfa,
    0x3d, 0x9c, 0x26, 0x41, 0x45, 0x02, 0xb5, 0x7a, 0x32, 0x80, 0x2f, 0x93, 0x5d, 0x97, 0xd2, 0x71,
    0x76, 0x88, 0x6d, 0xd0, 0x81, 0x02, 0x70, 0x92, 0x23, 0x18, 0x95, 0x01, 0x8e, 0xac, 0xcd, 0xf4,
    0x1a, 0x8f, 0xe3, 0xdf, 0x1b, 0xa0, 0xcb, 0x38, 0x1d, 0xa1, 0xeb, 0xb7, 0x63, 0xa0, 0xde, 0xf6,
    0x03, 0x11, 0xf1, 0x09, 0x71, 0xd4, 0xf9, 0xfd, 0x4e, 0x84, 0x5a, 0x07, 0x3e, 0x67, 0x22, 0xb3,
    0xa1, 0x33, 0xfb, 0xae, 0xdc, 0xd1, 0x06, 0xc2, 0x08, 0xe6, 0x05, 0x9c, 0xd8, 0x18, 0x48, 0xed,
    0xb3, 0x88, 0xb3, 0xff, 0xa1, 0x88, 0x89, 0xea, 0x13, 0xca, 0xc6, 0x38, 0x9a, 0x79, 0xcb, 0x01,
    0x9c, 0xce, 0xbf, 0x1b, 0xa9, 0xd5, 0xed, 0xc8, 0xc0, 0xe0, 0xbf, 0x8c, 0xbe, 0xa2, 0xaf, 0x50,
    0x8e, 0xfe, 0x1b, 0xba, 0x0c, 0x59, 0x7a, 0x24, 0x43, 0x81, 0x7b, 0x52, 0x05, 0xb9, 0x11, 0xc0,
    0x7f, 0x72, 0x40, 0x96, 0xa4, 0xf1, 0xde, 0x7d, 0xc9, 0xc4, 0xf9, 0xd4, 0x30, 0x46, 0x53, 0x75,
    0x9c, 0x13, 0xb3, 0x51, 0x07, 0xd0, 0x49, 0xb5, 0x35, 0x40, 0x4b, 0xd8, 0xeb, 0xcc, 0x52, 0x89,
    0xbc, 0xa5, 0xe7, 0xd3, 0x84, 0x68, 0xa4, 0x46, 0xb1, 0x98, 0x6c, 0xbf, 0x9a, 0x8e, 0x97, 0xa9,
    0x1c, 0x40, 0x53, 0xd9, 0x19, 0x3b, 0x03, 0x06, 0xd1, 0x1a, 0xb2, 0xf3, 0x70, 0x68, 0x20, 0x50,
    0x77, 0x92, 0x40, 0x1b, 0x9a, 0x06, 0xbd, 0x79, 0xfd, 0xb3, 0x69, 0xc7, 0x5d, 0xc2, 0xf7, 0x4c,
    0xd6, 0x86, 0x2c, 0x75, 0xd6, 0xe3, 0x07, 0x40, 0x43, 0x9f, 0x77, 0x22, 0x71, 0xc8, 0xf3, 0x40,
    0xb6, 0xd3, 0xee, 0x23, 0x60, 0xb7, 0x1e, 0xcb, 0xc8, 0xa6, 0x06, 0x30, 0x96, 0xf2, 0x5c, 0x18,
    0x71, 0xec, 0x56, 0x6a, 0xc0, 0x17, 0xd1, 0xbc, 0xdc, 0x07, 0x5d, 0x75, 0x1a, 0x4b, 0xe7, 0xf1,
    0x4c, 0xca, 0xc8, 0xa1, 0x08, 0xb9, 0x1a, 0x15, 0xf0, 0xfd, 0x99, 0xfc, 0x84, 0x85, 0xd7, 0x8f,
    0xa7, 0x13, 0xf6, 0x6e, 0x4e, 0x64, 0xcf, 0x3a, 0xa1, 0xee, 0xae, 0x7c, 0xcf, 0x48, 0x47, 0x5f,
    0x1e, 0xcd, 0x48, 0xc0, 0x3d, 0x00, 0xfe, 0xdd, 0x09, 0x58, 0xe9, 0xea, 0xcc, 0xe2, 0xdb, 0x63,
    0x12, 0xc0, 0x8d, 0x54, 0xb9, 0x3f, 0x76, 0x54, 0xe3, 0xfe, 0x00, 0xfe, 0x81, 0x83, 0x65, 0x43,
    0x02, 0xd2, 0xea, 0x4f, 0x73, 0xe1, 0x52, 0xfa, 0x0e, 0x96, 0xf0, 0x3a, 0x55, 0x34, 0x2b, 0x7e,
    0x49, 0xfb, 0xeb, 0x2a, 0xaa, 0xc5, 0xbf, 0x87, 0x46, 0xf4, 0xf9, 0x51, 0x0c, 0x5d, 0xb1, 0x68,
    0x80, 0x06, 0xdd, 0xdc, 0x4a, 0xd2, 0xa8, 0x21, 0x99, 0xfd, 0x95, 0x44, 0xf7, 0x75, 0x3a, 0x36,
    0x9b, 0x38, 0x1b, 0x7f, 0x90, 0x64, 0x9b, 0x55, 0xf0, 0x7a, 0x45, 0x24, 0x9b, 0x01, 0x09, 0xd6,
    0xe8, 0xbb, 0xf0, 0x1d, 0x7b, 0xd0, 0x9e, 0x2f, 0xc6, 0xe7, 0x1b, 0x7d, 0xa0, 0xab, 0x3c, 0x1d,
    0x39, 0x78, 0xb7, 0x25, 0xd0, 0x2e, 0xe7, 0x38, 0x39, 0x1a, 0xf7, 0xf2, 0xbc, 0x32, 0xce, 0xc6,
    0x6f, 0xd0, 0x57, 0x14, 0x25, 0x9f, 0x3f, 0xf5, 0xe5, 0x30, 0x4c, 0xe3, 0x07, 0x11, 0x93, 0x6a,
    0x0f, 0x6a, 0x00, 0xad, 0xe8, 0xa7, 0xf8, 0xef, 0x80, 0x6b, 0x3f, 0x4e, 0x7f, 0x4e, 0x65, 0x26,
    0x09, 0x60, 0x37, 0x55, 0xe2, 0xf7, 0x1c, 0x3b, 0x38, 0x9d, 0x98, 0xef, 0x73, 0x32, 0xbd, 0x94,
    0xe4, 0xf9, 0xbb, 0xd9, 0x41, 0x93, 0xe9, 0x78, 0xea, 0xc9, 0x99, 0xfb, 0x6e, 0x0e, 0xfc, 0xb7,
    0x79, 0xfd, 0xaa, 0x04, 0x9d, 0xbc, 0x03, 0xc0, 0x37, 0x78, 0xce, 0x06, 0xdf, 0xf3, 0x55, 0x42,
    0x97, 0xae, 0xda, 0x51, 0xf5, 0xfe, 0x28, 0x62, 0xd6, 0x58, 0xc5, 0x67, 0xfa, 0xc4, 0x79, 0x96,
    0x7a, 0xaa, 0xfc, 0xdb, 0xe8, 0x17, 0x28, 0xe5, 0xb5, 0x24, 0x66, 0x82, 0x53, 0x10, 0x3c, 0xd3,
    0xe2, 0x56, 0x68, 0x04, 0x5d, 0xe7, 0x88, 0x59, 0x68, 0x18, 0x80, 0x09, 0x24, 0xd9, 0x0f, 0x38,
    0xa3, 0x64, 0x12, 0x3b, 0xa1, 0x61, 0xaf, 0x39, 0x31, 0x49, 0xfc, 0x68, 0xa9, 0xff, 0x65, 0xd4,
    0xa4, 0x12, 0xa9, 0xd4, 0xa5, 0x34, 0x89, 0x36, 0x52, 0x63, 0xcd, 0xa5, 0x4c, 0x78, 0xc9, 0x40,
    0x51, 0x26, 0xf1, 0x76, 0xe8, 0x12, 0x37, 0x22, 0x02, 0xc7, 0xf6, 0x85, 0x98, 0x1e, 0x4f, 0x39,
    0x51, 0xb2, 0x41, 0xd8, 0x9b, 0x2e, 0x9f, 0x5c, 0xd6, 0x71, 0x9e, 0x0e, 0xdc, 0x91, 0x6a, 0xd6,
    0x48, 0xaa, 0xc3, 0xf7, 0x42, 0x23, 0x02, 0xb7, 0x70, 0x66, 0x2c, 0xc3, 0x89, 0x87, 0xb6, 0xd0,
    0x95, 0x85, 0x27, 0xa0, 0x2b, 0x0a, 0x4f, 0x85, 0x78, 0xeb, 0xdb, 0xd0, 0xaf, 0xf1, 0x53, 0xb6,
    0xc5, 0x53, 0x08, 0xce, 0x05, 0xf8, 0x3c, 0xe1, 0x36, 0xb6, 0x43, 0x3e, 0x34, 0xce, 0x63, 0xc1,
    0xe7, 0xbc, 0x3d, 0xfe, 0xff, 0x5a, 0xfc, 0xf1, 0x8a, 0x0a, 0xce, 0x6c, 0x7f, 0x75, 0xec, 0xa1,
    0x12, 0x68, 0x1e, 0x40, 0xd9, 0x09, 0xda, 0x67, 0x35, 0xd0, 0x60, 0xa1, 0xd7, 0xe8, 0x4b, 0x38,
    0x1d, 0xea, 0xe8, 0x43, 0x40, 0xbc, 0xc5, 0x05, 0xd4, 0x38, 0xde, 0x4a, 0xc1, 0xdc, 0x38, 0x11,
    0xb1, 0x07, 0x1a, 0xf7, 0xf1, 0x02, 0x8e, 0x7c, 0xf0, 0x11, 0x8e, 0xb7, 0x7a, 0x00, 0xc7, 0x1b,
    0x3e, 0x4f, 0xce, 0xad, 0x55, 0xb4, 0x41, 0x57, 0x20, 0x3c, 0xda, 0xb2, 0x92, 0x36, 0xea, 0x62,
    0x0e, 0xfe, 0x43, 0x26, 0xee, 0x98, 0xcd, 0x8f, 0xe1, 0x04, 0x31, 0x01, 0xdc, 0xe2, 0x0b, 0xd7,
    0x24, 0x59, 0x10, 0xc4, 0x60, 0x30, 0x02, 0xb0, 0x92, 0x60, 0x06, 0x83, 0xf9, 0x00, 0x0c, 0x06,
    0x83, 0x11, 0x80, 0xc1, 0x60, 0x30, 0x02, 0x30, 0x18, 0x0c, 0xf8, 0x3c, 0xae, 0x02, 0xb4, 0x81,
    0x06, 0x8f, 0x0c, 0x85, 0xc6, 0xbf, 0x37, 0x41, 0x03, 0x16, 0xb6, 0x43, 0xc3, 0x5d, 0x2b, 0x93,
    0xb8, 0xee, 0x17, 0xa1, 0xc1, 0x13, 0x80, 0x2e, 0xbf, 0xbc, 0x86, 0x60, 0x4f, 0x7d, 0x58, 0xd5,
    0x57, 0x38, 0x59, 0x59, 0x6f, 0x22, 0xf1, 0xb2, 0xde, 0x20, 0x68, 0x4c, 0x40, 0x77, 0x68, 0xa2,
    0x87, 0x97, 0xad, 0xb6, 0x31, 0xe4, 0xbe, 0xa7, 0x42, 0xc3, 0x3c, 0x5b, 0x45, 0x5c, 0xb3, 0x1a,
    0x9a, 0x30, 0x14, 0x15, 0x68, 0x33, 0x9c, 0xcf, 0xde, 0x96, 0xed, 0xb3, 0x0f, 0x1a, 0xd9, 0xb8,
    0x33, 0xc6, 0xf3, 0x8e, 0xe1, 0xf3, 0xb6, 0x82, 0x46, 0x06, 0x6e, 0x86, 0x7a, 0xf8, 0x1b, 0x52,
    0xac, 0xa0, 0x9b, 0xca, 0x71, 0x89, 0xd0, 0x9a, 0xcf, 0x3a, 0x14, 0x1a, 0x59, 0xf8, 0x4e, 0x40,
    0x00, 0x4b, 0xa2, 0xe2, 0x20, 0x41, 0x7d, 0x1a, 0x54, 0x1c, 0x24, 0x07, 0xcd, 0xe9, 0xc8, 0x9b,
    0xd8, 0x1e, 0x95, 0x2d, 0xc8, 0x3a, 0x1d, 0x05, 0x0d, 0xca, 0x6a, 0xe3, 0xc8, 0xf1, 0xca, 0x18,
    0x75, 0x26, 0xbd, 0xc9, 0x71, 0x28, 0x34, 0x78, 0xa8, 0x3b, 0x74, 0x39, 0xb5, 0x9e, 0xd7, 0x29,
    0x82, 0xa6, 0x12, 0x1f, 0x4a, 0x32, 0x93, 0xf3, 0x3a, 0xca, 0x8a, 0xb0, 0x9f, 0x97, 0xc5, 0x88,
    0x73, 0xb9, 0x16, 0xcd, 0x19, 0xa0, 0x6e, 0xfb, 0x55, 0x40, 0x03, 0x92, 0xf2, 0x11, 0x9d, 0xdf,
    0x11, 0x9b, 0x00, 0x3a, 0x43, 0x63, 0xdf, 0xcf, 0x81, 0xa6, 0xc2, 0xf6, 0xe3, 0xef, 0xfb, 0xa0,
    0xcb, 0x48, 0x73, 0x38, 0x88, 0xe3, 0xa4, 0x74, 0x9e, 0x03, 0x4d, 0x63, 0xbc, 0x93, 0xff, 0x7f,
    0x8c, 0x0d, 0x58, 0x15, 0x52, 0x76, 0x79, 0x14, 0x3e, 0x9d, 0x01, 0xe8, 0xe2, 0xaf, 0xd0, 0x24,
    0x8c, 0xb2, 0x88, 0x8e, 0xba, 0x90, 0x83, 0xf9, 0x72, 0x0e, 0xca, 0xd6, 0x6c, 0x9c, 0xb7, 0x29,
    0xb0, 0x73, 0x10, 0x9c, 0x8b, 0xf0, 0x15, 0x44, 0xd7, 0xeb, 0x7b, 0x0e, 0x1a, 0x1e, 0x1c, 0xd4,
    0xd1, 0x17, 0x41, 0xcb, 0x42, 0x4d, 0xe3, 0x00, 0xc9, 0xe3, 0x71, 0xeb, 0xa0, 0x29, 0xc4, 0x6f,
    0x46, 0x14, 0x12, 0x9d, 0x04, 0xcd, 0x2d, 0xb8, 0x9a, 0xcf, 0x9b, 0x03, 0x2d, 0x27, 0x36, 0x87,
    0xcf, 0xfb, 0x06, 0xc2, 0xb3, 0xf6, 0x06, 0x40, 0xe3, 0xc3, 0x37, 0x01, 0xf8, 0x76, 0xc4, 0xc0,
    0x8e, 0x7b, 0x5c, 0x58, 0x9b, 0xf6, 0xe5, 0xb3, 0x0d, 0x81, 0x46, 0xcf, 0x4d, 0x20, 0x99, 0xae,
    0x0e, 0x20, 0x80, 0x44, 0xc5, 0x41, 0x10, 0xb3, 0x38, 0x48, 0x17, 0x68, 0x9c, 0xfc, 0xf5, 0x24,
    0xad, 0x8f, 0x48, 0x02, 0x9b, 0xa0, 0xb1, 0xf9, 0x71, 0x0b, 0x86, 0x9e, 0x05, 0x0d, 0xc9, 0xbe,
    0x94, 0xef, 0xd0, 0x05, 0x1a, 0xc9, 0xb9, 0x84, 0xfd, 0xf2, 0x6a, 0x82, 0x04, 0xb1, 0xbe, 0xd0,
    0x18, 0x8a, 0x73, 0xf9, 0xde, 0x43, 0x28, 0xa7, 0x35, 0xd0, 0x28, 0xbc, 0x4f, 0xa0, 0xd1, 0x98,
    0x4b, 0x29, 0x9b, 0x8d, 0x31, 0x9e, 0x69, 0x18, 0xe5, 0xe5, 0x1e, 0x92, 0xda, 0xa3, 0xec, 0x93,
    0xa8, 0x68, 0xc2, 0xee, 0xd0, 0x48, 0xd7, 0xfb, 0x02, 0x26, 0xa6, 0xbd, 0x7c, 0x9f, 0x77, 0x39,
    0x2e, 0x2b, 0x5a, 0x4a, 0x00, 0x27, 0x43, 0xb3, 0x9c, 0x86, 0x51, 0x08, 0x8b, 0x29, 0x08, 0xa7,
    0x43, 0x6b, 0xed, 0x0d, 0xe3, 0xac, 0xfa, 0xe7, 0x18, 0x49, 0x3e, 0xe7, 0x41, 0xe3, 0xf1, 0xcb,
    0xd9, 0x70, 0x71, 0xf1, 0x47, 0x36, 0x6a, 0x32, 0x79, 0xe4, 0xe3, 0x39, 0x6b, 0x3c, 0x00, 0x2d,
    0x1c, 0xfa, 0x0a, 0x1b, 0x63, 0x00, 0x05, 0x20, 0x2c, 0xf5, 0xb6, 0x18, 0x5a, 0x80, 0xe3, 0x4f,
    0x01, 0xbf, 0xfd, 0x10, 0x9a, 0x9b, 0x90, 0x1f, 0x72, 0xef, 0xbe, 0x24, 0x9d, 0xef, 0x70, 0x36,
    0xf8, 0x39, 0x07, 0x45, 0x7f, 0x68, 0x94, 0xde, 0x58, 0xce, 0x14, 0x5b, 0x02, 0x66, 0x9b, 0x81,
    0xd0, 0x58, 0xef, 0x47, 0x79, 0xee, 0x93, 0x7c, 0xde, 0x73, 0x79, 0x6e, 0x5b, 0x76, 0xee, 0xd1,
    0x88, 0x52, 0x3b, 0xc5, 0x19, 0xf4, 0xa3, 0xa1, 0xc9, 0x4b, 0x67, 0x91, 0xdc, 0x76, 0x41, 0xe3,
    0x0a, 0x32, 0x59, 0xb5, 0xb7, 0x81, 0x32, 0x93, 0x05, 0x8d, 0xda, 0xbb, 0x99, 0x5a, 0x9c, 0xb7,
    0xaf, 0xc1, 0x16, 0xce, 0xbc, 0x3b, 0x12, 0x24, 0x79, 0x0d, 0x20, 0x01, 0x6c, 0x72, 0xc8, 0xf4,
    0x3c, 0x12, 0x4b, 0x2b, 0x68, 0x68, 0xf6, 0x7c, 0x84, 0x17, 0x5d, 0xbd, 0x82, 0x83, 0xae, 0x13,
    0x65, 0xea, 0x0d, 0xca, 0x7e, 0x5b, 0xf6, 0xfd, 0x44, 0x68, 0x24, 0xe1, 0x0b, 0x24, 0x97, 0x99,
    0x31, 0x92, 0xce, 0x46, 0x90, 0xf8, 0x0f, 0x92, 0x30, 0xcf, 0x22, 0x89, 0xac, 0x89, 0xd9, 0x36,
    0xcf, 0xa1, 0xb9, 0xb6, 0x45, 0x07, 0x12, 0xc3, 0x2d, 0x1c, 0xb7, 0x25, 0x21, 0x93, 0x5c, 0x52,
    0x04, 0xb0, 0x9b, 0x0d, 0xed, 0xcd, 0x5c, 0x7b, 0x48, 0x00, 0x17, 0x43, 0xf3, 0xf6, 0x27, 0x52,
    0x78, 0x3b, 0x44, 0x54, 0xa2, 0xc9, 0xe5, 0xf1, 0x77, 0x50, 0xdd, 0xda, 0x4d, 0x26, 0x4d, 0x06,
    0xf3, 0x92, 0x88, 0x59, 0xef, 0xc0, 0xe7, 0xba, 0x0b, 0x1a, 0xf0, 0xf2, 0x1c, 0xcf, 0x2f, 0xe7,
    0x60, 0xfc, 0x08, 0xcd, 0x79, 0xfc, 0x7e, 0x6c, 0xc6, 0x67, 0x2b, 0xdd, 0x0e, 0x84, 0x26, 0xec,
    0xf4, 0xe0, 0x0c, 0xb4, 0x31, 0xe4, 0x5d, 0x7b, 0xa3, 0xb9, 0x1e, 0xe1, 0x2b, 0x24, 0xae, 0xed,
    0x9c, 0xbd, 0x7a, 0x51, 0x78, 0x47, 0x52, 0xfd, 0xf4, 0xe7, 0x0e, 0x8c, 0xa2, 0xa6, 0x92, 0x0d,
    0x2d, 0xbb, 0xf5, 0x22, 0xc9, 0x63, 0x1b, 0x35, 0x89, 0xeb, 0xa8, 0x1a, 0x7e, 0x10, 0xa2, 0xda,
    0x6d, 0x87, 0xd6, 0x3d, 0x90, 0x04, 0x59, 0x93, 0x71, 0x8f, 0xeb, 0x48, 0x33, 0x66, 0x28, 0x07,
    0xff, 0xd9, 0x24, 0xd5, 0x6e, 0xce, 0xac, 0xb9, 0x1c, 0x9a, 0x83, 0x50, 0x10, 0x52, 0x8e, 0x2a,
    0xac, 0x38, 0x48, 0x94, 0x09, 0xb0, 0x3b, 0xa4, 0x1e, 0xc1, 0x1b, 0xec, 0x97, 0xa1, 0x6c, 0xe3,
    0x09, 0x24, 0x77, 0x2f, 0x41, 0xeb, 0x03, 0x12, 0xf3, 0x66, 0xf6, 0xcf, 0x9e, 0x90, 0xaa, 0xba,
    0xcf, 0x38, 0xa9, 0xe5, 0xf5, 0xd4, 0xce, 0x2e, 0xa5, 0xa6, 0xd2, 0x0d, 0xe1, 0x05, 0x4a, 0x2f,
    0xa7, 0xc6, 0xba, 0x01, 0xc0, 0x7f, 0x50, 0xe3, 0xd9, 0x4c, 0x99, 0xca, 0x61, 0xff, 0x2e, 0xa4,
    0x5c, 0xdf, 0x47, 0xb2, 0xaa, 0xa0, 0xfc, 0x45, 0xcd, 0xe4, 0x23, 0xd8, 0xce, 0x2f, 0x50, 0x66,
    0x27, 0x93, 0x38, 0xd6, 0x24, 0x31, 0x36, 0xe6, 0xf0, 0x59, 0xda, 0x73, 0xd0, 0x8f, 0xe7, 0xa7,
    0x57, 0x3a, 0x4c, 0x80, 0xaa, 0x80, 0x92, 0x54, 0xb9, 0x54, 0x6f, 0x1a, 0x29, 0x48, 0x75, 0x09,
    0x66, 0x80, 0xf3, 0xa0, 0xa9, 0x8c, 0x83, 0xa1, 0xe5, 0xb9, 0xa7, 0xa4, 0xf0, 0x4c, 0x17, 0xb1,
    0x71, 0x0e, 0x90, 0xf1, 0xd7, 0x46, 0xa8, 0x58, 0x43, 0x69, 0x6e, 0x74, 0xe0, 0xc0, 0xef, 0xc6,
    0x01, 0xd4, 0x00, 0x4d, 0xe4, 0x58, 0x14, 0xc3, 0x16, 0xf7, 0xb3, 0xf4, 0x44, 0x34, 0xef, 0x04,
    0xb4, 0x0e, 0xe1, 0xc5, 0x30, 0xaa, 0x7d, 0x51, 0x88, 0xe2, 0xf3, 0x35, 0x84, 0x55, 0x51, 0xea,
    0xca, 0xf6, 0x29, 0x25, 0x39, 0x78, 0xcf, 0xb7, 0x91, 0x03, 0xec, 0x2c, 0x6a, 0x10, 0x7d, 0x11,
    0x5c, 0x8a, 0xfb, 0xed, 0x98, 0xef, 0x12, 0xe7, 0xb8, 0x3c, 0x9a, 0x41, 0xe7, 0x73, 0xe0, 0xf7,
    0xa7, 0x7a, 0xba, 0x92, 0x83, 0x3e, 0xdf, 0x51, 0xc1, 0x77, 0x1d, 0xa1, 0x48, 0xcc, 0x75, 0xfc,
    0x9c, 0xc4, 0xfe, 0x1d, 0xea, 0x24, 0x35, 0x8d, 0xa7, 0x6c, 0xec, 0xe3, 0xf3, 0x2d, 0xa4, 0x46,
    0xba, 0xcd, 0x77, 0x8d, 0x95, 0xf8, 0x74, 0xd9, 0xac, 0x33, 0x1c, 0x35, 0xbe, 0x20, 0xc4, 0x14,
    0xcd, 0xa2, 0xfc, 0xde, 0xc5, 0x7e, 0x79, 0x86, 0x32, 0x35, 0x92, 0xa6, 0x5a, 0x6b, 0x4e, 0x06,
    0x9d, 0x9d, 0x5a, 0x86, 0xbf, 0xa5, 0x4a, 0xef, 0xc9, 0xe9, 0xc1, 0x08, 0xad, 0x62, 0x12, 0x09,
    0x7d, 0x39, 0xe5, 0xe7, 0x4e, 0x12, 0x42, 0x8f, 0x14, 0xf2, 0xfc, 0xc5, 0x27, 0x8b, 0x0d, 0xe9,
    0x0c, 0x05, 0x1e, 0xc8, 0x81, 0x9b, 0x43, 0xbb, 0x7d, 0x0c, 0x07, 0xd9, 0x6c, 0x0a, 0x42, 0x98,
    0xcd, 0x32, 0x84, 0x9d, 0x73, 0x0d, 0x59, 0x7c, 0x6f, 0x0a, 0xcf, 0x73, 0x3d, 0x34, 0xcb, 0xad,
    0x81, 0x2a, 0xfa, 0x3c, 0xde, 0xf7, 0xcd, 0x90, 0xd9, 0xb0, 0x07, 0x05, 0xa4, 0x9a, 0x6a, 0xdf,
    0x3f, 0x72, 0xd6, 0xad, 0x65, 0x07, 0xbd, 0x06, 0xad, 0xcc, 0xb3, 0x3a, 0xe6, 0x86, 0x1b, 0x43,
    0x39, 0x8b, 0xef, 0xa6, 0xca, 0x59, 0x14, 0x51, 0xb7, 0x7d, 0x31, 0xdf, 0xf7, 0x06, 0xde, 0xcf,
    0x33, 0x01, 0xbe, 0x48, 0x61, 0xf8, 0x24, 0xa2, 0x9c, 0x78, 0x96, 0xef, 0x5f, 0xff, 0xf7, 0x7d,
    0x9d, 0x42, 0xa4, 0x99, 0x44, 0x7b, 0x68, 0x8a, 0xec, 0x8d, 0x14, 0xaa, 0xf7, 0x9c, 0x7a, 0x88,
    0xf9, 0x34, 0xc7, 0xe2, 0x08, 0x57, 0xba, 0x7c, 0x00, 0x7e, 0xad, 0x62, 0x39, 0x3f, 0x63, 0x28,
    0x0f, 0x6f, 0x90, 0xac, 0xae, 0x67, 0x3b, 0x57, 0x24, 0x28, 0x1c, 0xeb, 0x69, 0x5c, 0x57, 0x02,
    0x78, 0x90, 0x7d, 0xf4, 0x6a, 0xc8, 0x36, 0x69, 0x03, 0x48, 0x30, 0xa7, 0xf2, 0x3d, 0x16, 0x53,
    0x63, 0xf8, 0x12, 0x67, 0xfb, 0x93, 0xa8, 0x49, 0x2d, 0xa3, 0xea, 0xfd, 0x10, 0xb5, 0x91, 0xcb,
    0x38, 0xb8, 0x17, 0x84, 0xe4, 0x5b, 0xe4, 0x90, 0xc0, 0xce, 0x65, 0x7b, 0x7a, 0xfb, 0x5f, 0xdc,
    0x48, 0xf9, 0x59, 0x94, 0x04, 0x01, 0x4c, 0xe1, 0x27, 0x8f, 0xf7, 0xec, 0xed, 0x94, 0xb6, 0x4b,
    0x1b, 0x01, 0xf4, 0xe1, 0x0b, 0x5e, 0xec, 0xb0, 0xcd, 0x3c, 0x68, 0xc1, 0x8b, 0xfc, 0x08, 0x41,
    0xba, 0x90, 0xac, 0x56, 0xc2, 0xd9, 0x27, 0x99, 0x87, 0x6a, 0x22, 0x9b, 0x2f, 0x61, 0x63, 0x74,
    0x61, 0x07, 0xdf, 0xc7, 0x59, 0xbd, 0x3c, 0xa4, 0x30, 0x68, 0x3b, 0x76, 0x4c, 0x2e, 0x89, 0xe3,
    0x79, 0x0e, 0xfc, 0xde, 0x7c, 0x96, 0x47, 0xd9, 0xd8, 0x3b, 0x22, 0x4c, 0x01, 0x0f, 0xc3, 0x39,
    0xcb, 0xe4, 0xb2, 0xf3, 0x37, 0x46, 0xcc, 0x6a, 0x07, 0x38, 0x23, 0xfe, 0x5f, 0x92, 0xce, 0xbf,
    0x38, 0xbf, 0xad, 0x86, 0x6e, 0x24, 0x51, 0x10, 0x32, 0x78, 0x0e, 0x52, 0x3d, 0x1f, 0x45, 0xa1,
    0xeb, 0x45, 0x55, 0x7b, 0x18, 0x85, 0xcf, 0x53, 0xcb, 0x33, 0x5d, 0x6d, 0xd6, 0xd3, 0xfa, 0x76,
    0xd2, 0x8c, 0x99, 0xc0, 0x3e, 0xff, 0x02, 0x07, 0xe7, 0x72, 0x6a, 0x2a, 0x5b, 0x48, 0x44, 0x47,
    0xba, 0x9e, 0x5f, 0x67, 0xb6, 0x87, 0xa7, 0x05, 0x78, 0xea, 0x6e, 0x4f, 0xb6, 0x97, 0xb7, 0xb2,
    0x11, 0xb5, 0x2f, 0xc2, 0xc9, 0x74, 0xd2, 0x7e, 0x83, 0x5a, 0xe4, 0xd3, 0x24, 0x91, 0x9d, 0x11,
    0x3b, 0x4c, 0x7d, 0x4c, 0x19, 0x1a, 0x48, 0x5f, 0xc0, 0x15, 0x34, 0x2d, 0x37, 0xb1, 0x3d, 0xee,
    0x71, 0xce, 0xd9, 0x42, 0x6d, 0x65, 0x18, 0xfd, 0x27, 0x08, 0x59, 0x6d, 0x3a, 0x93, 0xef, 0xb3,
    0x90, 0xd7, 0xaf, 0xa6, 0xac, 0x9f, 0xcb, 0x73, 0x97, 0xc4, 0xf0, 0xad, 0xdc, 0xe3, 0xbb, 0xb7,
    0xd0, 0x24, 0x48, 0x54, 0xd8, 0x24, 0x69, 0x02, 0xd8, 0x49, 0xb5, 0xea, 0x65, 0x0a, 0xe2, 0x18,
    0x3a, 0xf4, 0x4e, 0x21, 0xe3, 0x16, 0x05, 0x08, 0xf6, 0x45, 0x5c, 0xae, 0xe8, 0x0b, 0x4d, 0x3f,
    0x5d, 0xe4, 0x2b, 0x30, 0x89, 0x04, 0x19, 0x7d, 0x05, 0x54, 0xd9, 0x56, 0x70, 0x56, 0xe8, 0xc2,
    0x06, 0x3f, 0x09, 0x5a, 0x8c, 0x63, 0x09, 0xaf, 0x59, 0x15, 0x30, 0x63, 0x7a, 0xa5, 0xb7, 0xdf,
    0x85, 0x6e, 0x20, 0xb1, 0x98, 0x2a, 0x57, 0x0e, 0xb4, 0x14, 0xd7, 0x85, 0xfc, 0x6e, 0x59, 0x4c,
    0xf5, 0xbf, 0x81, 0x4c, 0xbd, 0x3e, 0x81, 0x93, 0x69, 0x24, 0xb4, 0x48, 0xe8, 0x2e, 0x3a, 0x84,
    0xf6, 0x71, 0xe5, 0xe4, 0x76, 0x7a, 0xdd, 0x9f, 0xa4, 0x70, 0xf8, 0xbd, 0xb3, 0x1b, 0xe9, 0x64,
    0x1d, 0xcd, 0x0e, 0x6d, 0xef, 0x38, 0x01, 0x4f, 0x77, 0x08, 0x51, 0x8e, 0xc0, 0x32, 0x60, 0x25,
    0xfd, 0x17, 0xcb, 0x38, 0xc8, 0x86, 0x3b, 0xaa, 0xf6, 0x45, 0x5c, 0x79, 0x59, 0x41, 0x32, 0xd8,
    0xc8, 0x3e, 0x59, 0x19, 0xd0, 0xff, 0xe9, 0xf2, 0x01, 0xc0, 0x49, 0xef, 0x3e, 0x95, 0x03, 0x72,
    0x3c, 0xdf, 0xc3, 0xf3, 0x01, 0xbc, 0x48, 0x0d, 0x2b, 0xca, 0x07, 0xe0, 0x92, 0xfa, 0x14, 0x9a,
    0x5d, 0x3f, 0xa1, 0x36, 0xb8, 0x2e, 0x62, 0x43, 0xce, 0xfe, 0x6c, 0x8b, 0x62, 0x0e, 0xda, 0x0b,
    0x38, 0xc0, 0x5e, 0xa5, 0xfc, 0x4d, 0xe4, 0x31, 0xd7, 0x38, 0x39, 0xfd, 0x95, 0xec, 0xc3, 0xd6,
    0x11, 0xea, 0xff, 0x64, 0xfa, 0x14, 0x4a, 0x9d, 0x73, 0x17, 0x52, 0x7b, 0x38, 0x93, 0xf2, 0xb9,
    0x2e, 0x09, 0x27, 0x60, 0x3b, 0xca, 0xeb, 0x97, 0x39, 0x46, 0x0e, 0x42, 0x57, 0xcb, 0x9a, 0xd2,
    0x41, 0x00, 0xdb, 0xe8, 0x9c, 0xf2, 0x6e, 0x74, 0x2e, 0x55, 0x8e, 0xeb, 0x29, 0x1c, 0x8b, 0x7c,
    0x36, 0x57, 0x27, 0xaa, 0x7f, 0xd3, 0x38, 0x08, 0x77, 0x42, 0xd3, 0x54, 0xfd, 0xb8, 0x83, 0x42,
    0xb2, 0x24, 0x46, 0x71, 0xc9, 0xbd, 0x9c, 0x49, 0x57, 0xb1, 0x13, 0x07, 0x92, 0xcd, 0xab, 0x02,
    0x04, 0xe9, 0xb0, 0xb3, 0x6e, 0x9c, 0xcf, 0xeb, 0x79, 0x02, 0xd2, 0x44, 0xe1, 0x49, 0xb4, 0x79,
    0x43, 0x4f, 0x36, 0xe8, 0x60, 0x47, 0xd8, 0x2b, 0x62, 0xa8, 0x95, 0x79, 0x00, 0xfe, 0x17, 0x5a,
    0xcc, 0x64, 0x37, 0x9f, 0x15, 0x24, 0x80, 0x8b, 0xa1, 0xf9, 0xfa, 0xfe, 0x8d, 0x38, 0x36, 0x91,
    0xb9, 0xb3, 0x49, 0x6e, 0x8f, 0xf3, 0xef, 0x6d, 0x00, 0x7e, 0xcd, 0x41, 0x74, 0x30, 0x62, 0xad,
    0x3a, 0xdd, 0xcb, 0x80, 0xe5, 0x14, 0xac, 0x15, 0x24, 0xed, 0x39, 0x1c, 0x7c, 0xa3, 0xd9, 0xdf,
    0xe7, 0x51, 0x1b, 0x2b, 0xa1, 0x90, 0x55, 0x04, 0x90, 0x63, 0x50, 0x1f, 0xa6, 0x82, 0x2e, 0xb4,
    0xb7, 0xef, 0x22, 0x21, 0x35, 0x52, 0x66, 0xde, 0xa5, 0x49, 0x15, 0x77, 0x15, 0xc0, 0x75, 0x70,
    0x7a, 0x3b, 0x28, 0x6f, 0x4a, 0x60, 0x0a, 0x7a, 0xfb, 0x00, 0x54, 0x50, 0xce, 0xda, 0x51, 0xe6,
    0x76, 0x53, 0xa6, 0x1b, 0x78, 0xdf, 0x52, 0x9f, 0x96, 0xe2, 0x2d, 0x31, 0x56, 0x85, 0x90, 0x8a,
    0xb7, 0xb1, 0x4c, 0x76, 0xc0, 0x5e, 0x09, 0x20, 0x39, 0xcc, 0x8a, 0x41, 0x00, 0xae, 0x13, 0xb0,
    0x8d, 0x63, 0x02, 0x5c, 0x49, 0xa2, 0x5c, 0x9c, 0x8a, 0x29, 0x90, 0x28, 0x1d, 0xb8, 0x9a, 0x0d,
    0x5e, 0xec, 0xec, 0x7f, 0xd7, 0x21, 0xe0, 0x1a, 0xed, 0xf8, 0x82, 0x97, 0xf3, 0xe3, 0xc7, 0x93,
    0x1c, 0xd4, 0x0f, 0x07, 0x10, 0x40, 0x4b, 0x70, 0x80, 0xcf, 0x36, 0x3a, 0xc4, 0xa6, 0x8e, 0xeb,
    0xa0, 0x72, 0x9d, 0x7f, 0x71, 0xd8, 0xb8, 0x03, 0x49, 0xe3, 0x10, 0x67, 0xa0, 0x62, 0x67, 0x70,
    0x97, 0x38, 0xa4, 0x12, 0xb6, 0x04, 0x3a, 0x97, 0xe7, 0x2c, 0xa3, 0x90, 0x79, 0xed, 0x78, 0xa6,
    0x73, 0x9d, 0xd2, 0xa3, 0xb0, 0xe1, 0x66, 0x29, 0x9a, 0x37, 0x9e, 0xec, 0xc7, 0x41, 0x38, 0x84,
    0x9a, 0xc9, 0x04, 0x12, 0x44, 0x6b, 0x20, 0xa3, 0x81, 0x69, 0x9d, 0xd8, 0x8f, 0x2f, 0x90, 0x3c,
    0xb7, 0xb0, 0x3d, 0xb6, 0xa4, 0xb0, 0x04, 0x99, 0x0d, 0x5d, 0xf6, 0x93, 0x18, 0x6b, 0xf5, 0xb5,
    0x1c, 0xc4, 0xed, 0xd1, 0xbc, 0x77, 0xc2, 0x3e, 0x6a, 0xbe, 0xbd, 0xa0, 0x71, 0x08, 0x7d, 0x7c,
    0x9a, 0xed, 0x68, 0x6a, 0x28, 0x7f, 0x0b, 0x19, 0x7c, 0xde, 0x3e, 0x8e, 0x87, 0x48, 0xf4, 0x08,
    0x88, 0x0d, 0x78, 0x98, 0x13, 0xc7, 0xc9, 0x49, 0x54, 0xdd, 0xaa, 0xa3, 0xfc, 0xec, 0x71, 0x56,
    0x2f, 0x3a, 0xb5, 0xd4, 0x04, 0x38, 0x1d, 0x1a, 0xf0, 0x91, 0xcf, 0x06, 0x3f, 0xcc, 0xc6, 0x18,
    0xc5, 0x19, 0x18, 0x64, 0xc3, 0x8a, 0x98, 0x9b, 0x37, 0x02, 0xba, 0x8e, 0x7b, 0x01, 0x74, 0x59,
    0xa5, 0x3c, 0xc4, 0xa9, 0xe6, 0x55, 0x5c, 0x5d, 0x4f, 0xb2, 0x39, 0x4c, 0xb5, 0x66, 0x0c, 0x7f,
    0x6b, 0xe0, 0x79, 0xfb, 0x43, 0x96, 0xba, 0x3e, 0x82, 0x06, 0xd5, 0x0c, 0x65, 0x83, 0xef, 0xe3,
    0x80, 0x3e, 0x95, 0x02, 0xb0, 0x35, 0x41, 0xe9, 0xe6, 0xd6, 0xce, 0xf2, 0x57, 0x29, 0x67, 0x9a,
    0xa2, 0x18, 0xb6, 0xf3, 0x3e, 0x0a, 0xc6, 0x29, 0xec, 0x80, 0x3d, 0xbc, 0x67, 0x1f, 0x34, 0x57,
    0x0a, 0xae, 0x0a, 0x11, 0xca, 0x1b, 0x29, 0x70, 0x4b, 0xa9, 0x66, 0x77, 0xa7, 0xaa, 0x7a, 0x01,
    0xdf, 0x69, 0x55, 0xc4, 0xea, 0x45, 0x9c, 0xe5, 0xbd, 0x44, 0x1b, 0x6e, 0xc6, 0xf1, 0xc9, 0x14,
    0xf1, 0xb3, 0x00, 0xba, 0x3c, 0x39, 0x8c, 0xfd, 0xb2, 0x33, 0x83, 0x04, 0x70, 0xc0, 0xf1, 0xe0,
    0xb7, 0x34, 0x12, 0xd0, 0x9b, 0xb0, 0x7e, 0xe1, 0x68, 0x03, 0x48, 0xe0, 0x74, 0x2c, 0xe6, 0xbb,
    0xf6, 0xe1, 0xbb, 0x2f, 0xe4, 0x0c, 0xbb, 0x95, 0xe3, 0x63, 0x90, 0xb3, 0xb2, 0xd5, 0x93, 0x0e,
    0xc2, 0x42, 0xb6, 0xd1, 0xc6, 0x80, 0x9d, 0xab, 0x86, 0x93, 0x00, 0xbc, 0x7d, 0x1c, 0xdf, 0xf3,
    0x8d, 0xbd, 0x7b, 0x29, 0x07, 0x13, 0xa9, 0x59, 0x2f, 0x46, 0xfc, 0xa8, 0xc2, 0xbe, 0x8e, 0xdf,
    0xa1, 0x3c, 0xd5, 0x8a, 0xdd, 0x2e, 0x01, 0xf4, 0xa2, 0xea, 0xb5, 0x8b, 0xf6, 0xca, 0x7e, 0xce,
    0x74, 0x67, 0xd0, 0x11, 0xb2, 0x86, 0x1d, 0x53, 0x1c, 0x73, 0xf3, 0xc6, 0xc9, 0xf8, 0x6c, 0x90,
    0x4f, 0x55, 0xc8, 0xda, 0xeb, 0x57, 0xa8, 0x21, 0xac, 0xe3, 0x7d, 0xbb, 0x72, 0x50, 0x8f, 0x20,
    0xbb, 0xae, 0x0d, 0x11, 0x84, 0x9d, 0x54, 0x6d, 0x17, 0x53, 0x4d, 0xdd, 0x43, 0x12, 0xeb, 0x4d,
    0xa7, 0x60, 0x19, 0x6d, 0xb8, 0x0d, 0x11, 0x6d, 0x30, 0x84, 0xef, 0xd8, 0x89, 0x2a, 0xd6, 0xc6,
    0x18, 0xea, 0x65, 0x21, 0x67, 0xf1, 0x31, 0x74, 0x54, 0x76, 0x76, 0x7c, 0x00, 0xb7, 0xf1, 0x59,
    0x97, 0x50, 0x70, 0x10, 0xb0, 0xf4, 0x36, 0x84, 0xea, 0xff, 0x5c, 0x92, 0xea, 0xc9, 0x6c, 0xe3,
    0x5e, 0x74, 0x54, 0x2d, 0x8d, 0x78, 0x86, 0xb7, 0xd3, 0xb0, 0xe1, 0x66, 0x32, 0xa8, 0xa7, 0xf0,
    0x16, 0x1c, 0x01, 0xc7, 0x5f, 0x03, 0x1d, 0x92, 0xe9, 0xc2, 0x21, 0x68, 0x84, 0x69, 0x5f, 0x04,
    0x6f, 0x30, 0x0b, 0xdf, 0xfe, 0x13, 0x1f, 0xd3, 0x2f, 0x33, 0x86, 0x66, 0xdd, 0x5b, 0x9c, 0x20,
    0x6e, 0x65, 0xbf, 0xed, 0xa4, 0x13, 0xf1, 0x3a, 0x68, 0xd4, 0xec, 0xfb, 0x94, 0x99, 0xb7, 0x02,
    0xfc, 0x22, 0xde, 0xee, 0x43, 0xdd, 0xa0, 0x15, 0x7c, 0x83, 0xc6, 0xcd, 0x0e, 0xca, 0xe6, 0x44,
    0x12, 0xec, 0xb2, 0x04, 0xab, 0x2e, 0xde, 0x2a, 0x80, 0xe7, 0x03, 0xb8, 0x84, 0xe3, 0x75, 0x65,
    0xaa, 0x05, 0x5f, 0x73, 0x7c, 0x0d, 0x30, 0x93, 0x4e, 0xb3, 0xfb, 0xf9, 0xe0, 0x8d, 0xbc, 0xc1,
    0x0c, 0xda, 0x29, 0x33, 0x63, 0x86, 0x3d, 0x22, 0xc9, 0xad, 0x90, 0x67, 0xd1, 0xe9, 0x74, 0xbf,
    0xb3, 0x53, 0xcf, 0x76, 0xe8, 0x9e, 0xec, 0x73, 0x23, 0xa2, 0xe2, 0x3c, 0x4f, 0xa8, 0x57, 0xad,
    0xf5, 0x5a, 0xb2, 0x6a, 0x15, 0x49, 0xe3, 0x35, 0x3e, 0x73, 0x54, 0xcc, 0xf6, 0x50, 0xda, 0x53,
    0x71, 0x9c, 0x7f, 0x70, 0x0a, 0x73, 0xce, 0x26, 0xeb, 0x4e, 0x83, 0x2e, 0x31, 0x79, 0x35, 0xfa,
    0x0b, 0x28, 0x10, 0x73, 0x42, 0x96, 0x42, 0x0f, 0x3b, 0xde, 0xe3, 0x2f, 0x73, 0xd0, 0x57, 0x52,
    0xf3, 0xfa, 0x29, 0x9f, 0xb7, 0xa5, 0xcb, 0x7f, 0x47, 0x63, 0xc3, 0xcd, 0xe3, 0x1d, 0x85, 0xd0,
    0x65, 0x3c, 0xaf, 0x14, 0xfe, 0x6e, 0xc7, 0xa7, 0xf5, 0xa6, 0x13, 0x07, 0xd0, 0x89, 0x93, 0xca,
    0x01, 0x27, 0x16, 0xbf, 0x36, 0x44, 0xbd, 0x9f, 0x4c, 0x22, 0xdf, 0x10, 0xa2, 0xad, 0xed, 0xe0,
    0xf9, 0xde, 0x5e, 0x03, 0x0b, 0x28, 0x1b, 0x89, 0x56, 0x01, 0x6a, 0x39, 0x51, 0xce, 0xa7, 0x1c,
    0xce, 0x45, 0x8a, 0xf9, 0x00, 0xfe, 0x82, 0x20, 0x3d, 0xa8, 0x46, 0x7b, 0x5b, 0x10, 0x37, 0x3a,
    0x65, 0xba, 0xd7, 0xc4, 0x4c, 0xa2, 0x70, 0x19, 0xf0, 0x12, 0x92, 0x4c, 0x54, 0x32, 0x10, 0xa8,
    0xca, 0x8c, 0xe6, 0x7d, 0xdb, 0x53, 0x70, 0xbd, 0x40, 0xa0, 0xfc, 0x18, 0xa4, 0xd3, 0x1e, 0x1a,
    0x40, 0x33, 0x80, 0x7f, 0xd7, 0x39, 0x15, 0x7a, 0x13, 0x2d, 0x5f, 0x4d, 0xa4, 0xa9, 0xe1, 0x0d,
    0xec, 0xf9, 0x49, 0x54, 0x21, 0xf2, 0xa2, 0xbb, 0xba, 0x52, 0x40, 0x6a, 0xf8, 0xae, 0x6b, 0x13,
    0x38, 0x64, 0x72, 0x78, 0xcf, 0x11, 0x24, 0x8e, 0x1a, 0x12, 0xed, 0xea, 0x4c, 0x6c, 0xfe, 0xf0,
    0x39, 0xc6, 0x19, 0xf4, 0x5d, 0x64, 0xd1, 0xa4, 0x98, 0x8b, 0xc4, 0xa5, 0xe6, 0x6f, 0xa1, 0xc9,
    0xba, 0x9c, 0x8e, 0xcd, 0x95, 0x1c, 0xe8, 0x95, 0x9c, 0x79, 0xbb, 0x70, 0xd2, 0xe8, 0x4f, 0xf9,
    0x5a, 0x15, 0x72, 0xad, 0xb3, 0x79, 0x7f, 0x90, 0xd0, 0xe7, 0x84, 0x68, 0x83, 0xd7, 0x53, 0x66,
    0x6b, 0xa9, 0xdd, 0x95, 0xfa, 0x9c, 0x98, 0xd7, 0x39, 0x5b, 0x91, 0xb9, 0xda, 0x43, 0x85, 0xe3,
    0x2c, 0x2f, 0xb3, 0x8a, 0x40, 0x06, 0x43, 0x7a, 0x30, 0xce, 0xc9, 0x05, 0x68, 0xe3, 0x98, 0x85,
    0x15, 0x1c, 0xb0, 0xdd, 0x39, 0x63, 0x8f, 0x84, 0xd6, 0xf6, 0xff, 0x4d, 0x44, 0x04, 0x20, 0xac,
    0x28, 0xa8, 0xc1, 0x70, 0x7c, 0x61, 0x35, 0x9d, 0x6a, 0x25, 0x34, 0x0d, 0x27, 0x40, 0xd7, 0xee,
    0xbd, 0xad, 0xc2, 0x3d, 0x8d, 0x78, 0x06, 0x07, 0xbe, 0x58, 0x4d, 0x40, 0x83, 0x01, 0x27, 0x64,
    0xad, 0x8c, 0x61, 0x34, 0x65, 0xbd, 0xcd, 0x41, 0x9b, 0x68, 0x0a, 0xec, 0xa1, 0x59, 0xb0, 0xbd,
    0x25, 0x71, 0xf8, 0x46, 0x00, 0x06, 0x83, 0x01, 0x56, 0x12, 0xcc, 0x60, 0x30, 0x18, 0x01, 0x18,
    0x0c, 0x06, 0x23, 0x00, 0x83, 0xc1, 0x60, 0x04, 0x60, 0x30, 0x18, 0x70, 0x94, 0x96, 0x01, 0xbd,
    0x80, 0xa0, 0x5e, 0xd0, 0xe5, 0x8f, 0x2c, 0x68, 0x74, 0xdd, 0x1e, 0x68, 0x50, 0x43, 0x61, 0xcc,
    0x0a, 0xa6, 0x4d, 0xd0, 0xa0, 0x9c, 0x72, 0x68, 0x80, 0xc3, 0xa6, 0x04, 0xe9, 0x9b, 0x61, 0x55,
    0x50, 0xe1, 0x0b, 0x4d, 0x7d, 0x37, 0x20, 0x26, 0x3d, 0xd1, 0xb9, 0x82, 0xe6, 0x4a, 0x37, 0x88,
    0x08, 0x48, 0x1a, 0xc5, 0xf7, 0x6e, 0x0f, 0x8d, 0xe7, 0xae, 0x41, 0x73, 0xd2, 0xd1, 0xc6, 0x90,
    0x70, 0x66, 0xf7, 0xde, 0xd5, 0xd0, 0xa0, 0xa7, 0xf2, 0x90, 0x22, 0x2b, 0x7b, 0xa1, 0x4b, 0x48,
    0x92, 0xe4, 0x35, 0x92, 0x39, 0x2e, 0xea, 0x98, 0xce, 0xd0, 0x30, 0xeb, 0xae, 0x4e, 0xe6, 0xe5,
    0xab, 0x29, 0x3e, 0x4b, 0xa2, 0xfe, 0x3b, 0xc4, 0x77, 0x75, 0x23, 0xe5, 0xfa, 0x43, 0xd3, 0x60,
    0x73, 0x9c, 0x08, 0xd4, 0x77, 0x62, 0x5c, 0xcb, 0x7f, 0x9c, 0x1b, 0x68, 0x56, 0x02, 0x0d, 0xd1,
    0x8d, 0x42, 0x1f, 0xa7, 0x4a, 0x70, 0x3b, 0x67, 0xeb, 0xf6, 0x2d, 0xd0, 0xe8, 0xcf, 0x86, 0x24,
    0x64, 0x52, 0xf8, 0x4e, 0x7b, 0x78, 0x6e, 0xe1, 0x51, 0xb8, 0xf7, 0x5e, 0x68, 0xe0, 0xda, 0x96,
    0x16, 0x31, 0x80, 0x88, 0xb8, 0x9f, 0x6c, 0x11, 0xb9, 0x40, 0x44, 0xbe, 0x2f, 0x22, 0xef, 0x89,
    0xc8, 0x6e, 0x11, 0xa9, 0x15, 0x91, 0x2a, 0x11, 0x29, 0x16, 0x91, 0x05, 0x22, 0xf2, 0x84, 0x88,
    0x5c, 0xe2, 0x3b, 0x0f, 0x22, 0x32, 0x58, 0x44, 0x7e, 0x25, 0x9f, 0x46, 0x83, 0x88, 0x54, 0x88,
    0xc8, 0x16, 0x11, 0x79, 0x57, 0x44, 0x7e, 0x20, 0x22, 0x53, 0x45, 0xa4, 0x4d, 0xc0, 0xf9, 0x61,
    0xd7, 0xf0, 0xe3, 0xef, 0x22, 0xf2, 0x85, 0x14, 0xce, 0x2d, 0x12, 0x91, 0xeb, 0x43, 0xee, 0x9b,
    0x2d, 0x22, 0xe7, 0x8b, 0xc8, 0xe3, 0x22, 0x32, 0x5b, 0x44, 0x4a, 0x44, 0xa4, 0x86, 0xef, 0x5e,
    0x2a, 0x22, 0xab, 0x45, 0xe4, 0x39, 0x11, 0xf9, 0x9a, 0x88, 0xf4, 0x4a, 0x70, 0xef, 0xdf, 0x88,
    0xc8, 0xa9, 0xbe, 0xdf, 0x27, 0x89, 0xc8, 0x5c, 0xfe, 0xfe, 0x5d, 0x11, 0xc9, 0x4b, 0xe1, 0x1a,
    0xc9, 0x1c, 0x17, 0x76, 0x4c, 0x77, 0x11, 0xb9, 0x5b, 0x44, 0x96, 0xf2, 0xb7, 0xb7, 0x45, 0xe4,
    0xa6, 0x16, 0x3c, 0x4b, 0xa2, 0x3e, 0xf8, 0xad, 0x88, 0x8c, 0xf1, 0x1d, 0x73, 0xb5, 0x88, 0xac,
    0x74, 0x8e, 0x79, 0x20, 0xc6, 0xb5, 0x9a, 0x44, 0xe4, 0xdf, 0x44, 0x64, 0x88, 0xf3, 0xfb, 0x64,
    0x11, 0x99, 0xcf, 0xdf, 0xbf, 0x21, 0x22, 0xad, 0x43, 0xae, 0xd3, 0x4a, 0x44, 0x2e, 0x16, 0x91,
    0x1f, 0x8a, 0xc8, 0x12, 0x11, 0xd9, 0x27, 0x22, 0xf5, 0x22, 0x52, 0x29, 0x22, 0xeb, 0xf9, 0x7e,
    0xb7, 0x8b, 0x48, 0xd7, 0x24, 0x64, 0xb2, 0x49, 0x44, 0xca, 0x45, 0xe4, 0x63, 0x8e, 0x87, 0xc9,
    0x47, 0xf8, 0xde, 0x15, 0x22, 0xb2, 0x8a, 0x6d, 0x72, 0x7e, 0xcc, 0xbe, 0x09, 0xfc, 0xf8, 0x35,
    0x80, 0x0b, 0xa0, 0x71, 0xd0, 0x77, 0x93, 0x71, 0x5f, 0x84, 0xae, 0x75, 0x0a, 0x67, 0xb1, 0x69,
    0xd0, 0xdc, 0xf2, 0x6d, 0x88, 0x57, 0xbc, 0x20, 0x9b, 0x1a, 0x84, 0x37, 0x03, 0x5e, 0x02, 0x2d,
    0x34, 0xd2, 0x06, 0x5a, 0x9c, 0x41, 0x62, 0x16, 0x40, 0xf0, 0x6b, 0x00, 0xbb, 0x92, 0x28, 0x9e,
    0xe0, 0x32, 0xe7, 0xf6, 0x90, 0xe3, 0xcf, 0xe7, 0x7b, 0xdf, 0xc3, 0xf7, 0x7e, 0x99, 0xef, 0xd8,
    0x40, 0xad, 0xe0, 0x1c, 0x68, 0x3d, 0x83, 0x93, 0xa0, 0x89, 0x47, 0xbb, 0x8e, 0x43, 0x6d, 0xaf,
    0x2f, 0x34, 0x01, 0x69, 0x3a, 0x34, 0xd9, 0xe5, 0xaf, 0xd0, 0xc4, 0x9b, 0xb7, 0x32, 0x74, 0xbf,
    0x5a, 0x68, 0x2d, 0x89, 0xe1, 0x68, 0x2e, 0x8f, 0xde, 0x11, 0x1a, 0x46, 0x3b, 0x96, 0xbf, 0xe7,
    0x26, 0x11, 0x76, 0x7d, 0x3d, 0xaf, 0x53, 0x98, 0x64, 0xe1, 0x8b, 0xf3, 0xa1, 0x05, 0x6d, 0xee,
    0xe2, 0x8c, 0xf9, 0xbf, 0xd4, 0x18, 0xf2, 0xa0, 0xe1, 0xba, 0x5f, 0x81, 0x26, 0xed, 0xe4, 0x40,
    0xf3, 0x27, 0xaa, 0x62, 0xc8, 0x55, 0x0e, 0x35, 0x99, 0x3b, 0x38, 0x1e, 0xea, 0x42, 0xaa, 0x26,
    0x65, 0xe2, 0xde, 0xad, 0x9c, 0x92, 0xf6, 0x8f, 0xb0, 0x1d, 0x37, 0x3b, 0x69, 0xe8, 0x29, 0x9b,
    0x00, 0x7d, 0xf9, 0xc0, 0xf7, 0x52, 0xd5, 0xfd, 0x4f, 0x0a, 0xfb, 0x4e, 0xbe, 0x60, 0x7f, 0xaa,
    0xd0, 0x37, 0x21, 0x7e, 0x05, 0xd3, 0x2d, 0x54, 0x79, 0xfa, 0x42, 0x13, 0x2d, 0x1e, 0x84, 0xa6,
    0x08, 0xef, 0x72, 0x8a, 0x60, 0xc6, 0x29, 0x80, 0x90, 0x0a, 0xe2, 0x9e, 0xdb, 0x87, 0xc4, 0x77,
    0x2f, 0x3b, 0xe9, 0xe7, 0xd0, 0x04, 0x9a, 0x42, 0x12, 0x40, 0x37, 0x34, 0x57, 0xc6, 0xed, 0x79,
    0x9c, 0x9a, 0x7a, 0x83, 0xa0, 0xb9, 0x16, 0x5f, 0x23, 0x19, 0xff, 0x16, 0x9a, 0x65, 0x39, 0x33,
    0x62, 0xff, 0x81, 0x96, 0xe2, 0x13, 0x68, 0x14, 0xdd, 0x30, 0x9a, 0x1b, 0xfb, 0xa1, 0xb9, 0x0f,
    0x13, 0xa0, 0xb9, 0x1d, 0xeb, 0xd0, 0x1c, 0x2b, 0x9f, 0x08, 0xf9, 0x7c, 0xfe, 0x89, 0xd0, 0x9c,
    0x94, 0xb8, 0x95, 0x74, 0xfb, 0x50, 0xa6, 0xef, 0xa2, 0xbc, 0x3d, 0x0d, 0x4d, 0xb8, 0xd9, 0x09,
    0xcd, 0xc1, 0x58, 0xcb, 0xe7, 0xba, 0x07, 0x1a, 0x73, 0x5f, 0x04, 0x4d, 0xf4, 0x49, 0x24, 0x57,
    0x5b, 0x49, 0x62, 0xed, 0xd9, 0xa6, 0x93, 0xf8, 0xfd, 0xee, 0x14, 0xef, 0x7d, 0x6d, 0x92, 0xf7,
    0x1e, 0xc9, 0x7b, 0x3f, 0xc4, 0x36, 0x99, 0x9d, 0x0e, 0x02, 0x18, 0x05, 0x2d, 0x82, 0xe8, 0x95,
    0xba, 0x9e, 0xeb, 0x4b, 0x23, 0xdd, 0xc2, 0x17, 0xac, 0x46, 0x78, 0x59, 0xf0, 0x20, 0xbb, 0xbb,
    0x8a, 0x03, 0xfd, 0x20, 0x1b, 0xe5, 0x2c, 0xda, 0x80, 0x0b, 0x8e, 0x50, 0x8a, 0x69, 0x22, 0x8c,
    0xe6, 0xf3, 0xb4, 0xe1, 0x7b, 0xcf, 0xf1, 0x69, 0x0a, 0xa5, 0xf4, 0x39, 0x94, 0x42, 0x63, 0xc0,
    0xf7, 0x1c, 0x87, 0x04, 0x70, 0x26, 0x85, 0xe5, 0x64, 0x68, 0x7e, 0xfc, 0xdb, 0xec, 0xdf, 0xc6,
    0x0c, 0xde, 0x73, 0x15, 0x07, 0xc9, 0x39, 0xd0, 0x04, 0xab, 0xa5, 0x24, 0x83, 0x89, 0x9c, 0x48,
    0xb2, 0x92, 0xb8, 0xd6, 0x22, 0x12, 0xf1, 0xb5, 0x3c, 0x37, 0x6e, 0xd9, 0x78, 0x57, 0xa6, 0x5f,
    0xe5, 0x00, 0xf3, 0x64, 0x7a, 0x3f, 0x09, 0xf0, 0x64, 0x6a, 0xa6, 0x97, 0x42, 0xb3, 0x52, 0x97,
    0xc4, 0x20, 0xc5, 0x26, 0x4e, 0x10, 0xbb, 0x9d, 0x4a, 0x46, 0xed, 0xd3, 0x70, 0xef, 0xc5, 0x31,
    0x8a, 0x9e, 0x34, 0x51, 0x3e, 0xf7, 0x3a, 0xf7, 0x6e, 0x97, 0x0e, 0x27, 0x60, 0x2f, 0x0e, 0x86,
    0x32, 0xaa, 0xbf, 0x45, 0x21, 0x35, 0xe4, 0x52, 0xcd, 0xd7, 0xf6, 0xc2, 0x27, 0x77, 0x51, 0x0d,
    0xec, 0x91, 0x44, 0x15, 0x54, 0xf8, 0x6a, 0x08, 0xbe, 0x12, 0xa3, 0x00, 0x82, 0xff, 0xdc, 0xc3,
    0xec, 0x08, 0x7f, 0x46, 0x63, 0x2f, 0x76, 0xd6, 0x5e, 0xb2, 0x6b, 0x98, 0x99, 0xf0, 0x31, 0xe2,
    0xef, 0xae, 0x13, 0xf4, 0xdc, 0x47, 0x0b, 0x3d, 0xa0, 0xb1, 0xec, 0xb9, 0xd4, 0xea, 0xde, 0xe1,
    0x80, 0x92, 0x23, 0x90, 0xdb, 0xbf, 0x9c, 0x04, 0x30, 0x8c, 0x4e, 0xd4, 0x91, 0xd4, 0x06, 0x5f,
    0x72, 0x2a, 0x30, 0x21, 0x66, 0x81, 0x92, 0xd7, 0xa1, 0xe9, 0xe2, 0x17, 0x45, 0x14, 0xa7, 0x45,
    0x40, 0x5d, 0x04, 0x4f, 0xa6, 0x0b, 0x03, 0x64, 0xba, 0x81, 0x5a, 0xe2, 0x5a, 0x6a, 0x46, 0xa7,
    0xb2, 0xbd, 0x76, 0xc4, 0x58, 0x3d, 0x1b, 0xe8, 0xc8, 0xf0, 0x81, 0x00, 0xf5, 0x3d, 0x95, 0x7b,
    0xf7, 0x8c, 0x79, 0xef, 0x01, 0xce, 0xbd, 0xf7, 0xb7, 0xa4, 0x68, 0x4a, 0x8e, 0x63, 0x63, 0xe5,
    0xd1, 0x43, 0xbc, 0x29, 0xd5, 0x6d, 0x86, 0x10, 0xaf, 0x00, 0xe8, 0x01, 0x36, 0x4e, 0x1e, 0x67,
    0xdd, 0xba, 0x98, 0x55, 0x50, 0x3d, 0xfc, 0x27, 0xd9, 0xb4, 0x24, 0x89, 0x0a, 0xaa, 0xa0, 0x6a,
    0x3f, 0xdf, 0x57, 0x38, 0x21, 0xea, 0xbd, 0x87, 0x42, 0x6b, 0x23, 0xb4, 0xf2, 0x69, 0x34, 0x2b,
    0xf0, 0xd9, 0x3a, 0x7f, 0x71, 0x9e, 0xfb, 0x68, 0xe1, 0x4a, 0x3e, 0xf7, 0x93, 0xd0, 0x8a, 0x34,
    0x0b, 0x8f, 0xe0, 0xbd, 0x97, 0xd2, 0xbc, 0x1a, 0x43, 0x81, 0x9f, 0xc8, 0x01, 0xb1, 0x39, 0x49,
    0x02, 0x80, 0x53, 0x13, 0xf0, 0x2a, 0x68, 0xe1, 0x8c, 0x2d, 0x31, 0xfc, 0x06, 0x6e, 0xdf, 0x96,
    0x47, 0x14, 0x0d, 0xd9, 0xef, 0xd4, 0xf0, 0xcb, 0x8b, 0x41, 0xee, 0xad, 0x68, 0x12, 0x7b, 0x25,
    0xe1, 0xdf, 0xf7, 0xf9, 0xc5, 0x32, 0x7d, 0xef, 0x7e, 0xf4, 0x89, 0x54, 0x51, 0x6b, 0xd8, 0x9a,
    0x0e, 0x02, 0xf0, 0xb3, 0x53, 0xa6, 0x90, 0x15, 0xb3, 0x56, 0x5f, 0x98, 0x13, 0xf0, 0x30, 0x12,
    0xd7, 0x4e, 0x0b, 0x3a, 0x37, 0xce, 0x79, 0xe2, 0xf3, 0x89, 0xdc, 0xcd, 0x19, 0x0c, 0x4e, 0xd1,
    0x88, 0x6f, 0x27, 0x20, 0x80, 0xb0, 0xe7, 0xbe, 0x11, 0xcd, 0xa5, 0xd6, 0x71, 0x84, 0xb3, 0xdb,
    0xc6, 0xd2, 0xf7, 0xb2, 0x9b, 0x66, 0x57, 0xd1, 0x11, 0xba, 0x77, 0x11, 0x35, 0xbe, 0x73, 0xf9,
    0xf7, 0x78, 0x92, 0x77, 0x2a, 0xda, 0xc7, 0x16, 0xe8, 0x92, 0xe2, 0x77, 0x68, 0xb2, 0xbd, 0x93,
    0x81, 0xe7, 0x95, 0x98, 0xa5, 0xb9, 0x85, 0xb3, 0xee, 0x16, 0xfa, 0x53, 0xe6, 0xa5, 0x6a, 0x83,
    0xfb, 0xee, 0xdd, 0x94, 0xc4, 0xc4, 0x52, 0x0e, 0xe0, 0x67, 0xf4, 0x87, 0xec, 0x69, 0x29, 0x01,
    0x78, 0x59, 0x4e, 0x87, 0xc8, 0x44, 0x9d, 0x32, 0x24, 0x10, 0x1d, 0x69, 0xb3, 0xd4, 0x70, 0x40,
    0xd6, 0x1f, 0x65, 0x27, 0xa0, 0x38, 0xef, 0xdd, 0xc5, 0xf7, 0xde, 0x3b, 0xd9, 0xb9, 0xde, 0x6e,
    0x49, 0x3f, 0x69, 0xc1, 0xbd, 0x27, 0x91, 0x00, 0x8e, 0x06, 0x96, 0x93, 0x90, 0xee, 0x84, 0x96,
    0x31, 0xcf, 0xa6, 0x03, 0x70, 0xeb, 0x11, 0xb8, 0xf7, 0x3e, 0x6a, 0x01, 0x97, 0x73, 0x26, 0xcc,
    0xe3, 0xec, 0x9d, 0x4a, 0x01, 0x8b, 0x02, 0xce, 0xa8, 0x1f, 0x93, 0x00, 0x16, 0x25, 0xd1, 0xb7,
    0x51, 0x32, 0xdd, 0xc9, 0x89, 0x89, 0x38, 0x90, 0x40, 0x9d, 0x76, 0xc9, 0xbd, 0x96, 0xef, 0xb1,
    0x2e, 0x40, 0x1b, 0x49, 0xe5, 0xde, 0xfb, 0x13, 0xf8, 0xd6, 0xbc, 0x7b, 0xb7, 0xa6, 0x29, 0x75,
    0x27, 0x65, 0xaa, 0x88, 0x3e, 0x80, 0xea, 0x74, 0xec, 0x0d, 0x98, 0x4f, 0x61, 0x1d, 0x42, 0x3b,
    0xa3, 0x28, 0xa0, 0x82, 0xc9, 0x34, 0x3e, 0xe8, 0xbb, 0x48, 0xbe, 0x40, 0xe3, 0x20, 0xda, 0x39,
    0x6b, 0x8f, 0xa1, 0xca, 0x37, 0xbb, 0xd8, 0x89, 0x13, 0xa1, 0x65, 0xc1, 0xfb, 0xd1, 0x0e, 0x73,
    0xeb, 0xe0, 0xdd, 0x86, 0xe3, 0x1b, 0x0b, 0xe9, 0xf0, 0xbb, 0x1b, 0xba, 0x74, 0xe4, 0x91, 0x40,
    0xa6, 0x77, 0x1e, 0xda, 0x08, 0x5d, 0xfd, 0xb9, 0x06, 0xba, 0x7a, 0xe4, 0xad, 0xfc, 0xec, 0x43,
    0xea, 0x26, 0xc5, 0xeb, 0xd0, 0xa2, 0x1d, 0x57, 0xc6, 0xec, 0xdb, 0xf5, 0xd4, 0x40, 0x06, 0x05,
    0xc8, 0x74, 0x2b, 0x9a, 0x7a, 0x63, 0x38, 0x29, 0x6d, 0x8e, 0x21, 0x97, 0x71, 0x27, 0x25, 0x57,
    0xae, 0x12, 0xdd, 0xbb, 0x2a, 0x46, 0xf1, 0x5a, 0xef, 0xde, 0xdb, 0xa8, 0x95, 0xe6, 0xb2, 0x3f,
    0xaf, 0xe0, 0xb9, 0xf3, 0xd1, 0xc2, 0x50, 0xe0, 0x7c, 0xe8, 0x72, 0x42, 0x3d, 0x74, 0x49, 0xe4,
    0x22, 0x3a, 0x26, 0xda, 0x91, 0x75, 0x86, 0xf0, 0xfb, 0x3b, 0xa9, 0x1e, 0xc7, 0x55, 0xf7, 0xdb,
    0xf1, 0x3a, 0x97, 0xf3, 0x7c, 0x40, 0x3d, 0x9e, 0x1b, 0x8f, 0x91, 0xc1, 0xb1, 0x8e, 0xcf, 0x53,
    0x4f, 0xbb, 0xea, 0x12, 0x3a, 0xad, 0x72, 0xd9, 0x3e, 0x1d, 0x91, 0xb8, 0xa2, 0xec, 0xb1, 0x8e,
    0xa5, 0x50, 0x07, 0xe8, 0xaf, 0xe8, 0x3c, 0x7a, 0x04, 0xea, 0x51, 0x1f, 0x9e, 0xe1, 0xfb, 0x1e,
    0xe2, 0xcc, 0xbf, 0x0e, 0xea, 0x25, 0x5f, 0xda, 0xc2, 0x7e, 0xdf, 0x49, 0xf3, 0x6b, 0x11, 0x74,
    0xbf, 0x82, 0x53, 0x90, 0x78, 0xf9, 0xd0, 0xed, 0xdb, 0x8b, 0x38, 0x10, 0xdb, 0x40, 0x63, 0x3a,
    0xa6, 0x42, 0x97, 0xea, 0x06, 0x72, 0x70, 0xad, 0x4b, 0xe3, 0xb2, 0xa8, 0x3b, 0x9e, 0x12, 0xdd,
    0x7b, 0x3e, 0xdb, 0xa9, 0x26, 0xa6, 0x73, 0x75, 0x29, 0xcf, 0x29, 0xe4, 0x84, 0x7c, 0x26, 0x35,
    0xd8, 0x16, 0x69, 0x00, 0xc5, 0x9c, 0x29, 0x7a, 0x92, 0x59, 0x1e, 0x23, 0xd3, 0x16, 0x39, 0xe1,
    0xac, 0xd3, 0xf8, 0xef, 0xeb, 0x88, 0xe7, 0x09, 0xbf, 0x94, 0x5a, 0x83, 0x57, 0x4e, 0x79, 0x30,
    0x34, 0xb8, 0x68, 0x41, 0xc8, 0x2e, 0xb3, 0x71, 0xbc, 0xe9, 0xde, 0x36, 0x62, 0x1b, 0xd2, 0xd4,
    0x51, 0xc5, 0x14, 0xa8, 0xe7, 0xa0, 0x6b, 0xb6, 0x8f, 0x41, 0x97, 0x68, 0x8a, 0xd8, 0x79, 0x9d,
    0xa0, 0xab, 0x04, 0x79, 0x14, 0xe8, 0xe3, 0xb1, 0x80, 0x42, 0x13, 0x85, 0xb1, 0x89, 0x9a, 0xc0,
    0xfd, 0x24, 0x81, 0x56, 0xd0, 0x10, 0xda, 0x75, 0x29, 0xf4, 0x43, 0x35, 0xcf, 0x3d, 0x10, 0xc3,
    0x79, 0xf7, 0xdf, 0xbc, 0x57, 0x39, 0x35, 0x80, 0x6e, 0x2d, 0x24, 0xb3, 0xb7, 0x38, 0x0b, 0x8e,
    0x8c, 0x41, 0x18, 0x0b, 0xa1, 0x4e, 0xe7, 0xbb, 0x68, 0x02, 0x0d, 0x73, 0x82, 0x71, 0x26, 0x40,
    0x37, 0x22, 0x59, 0x49, 0xff, 0xc2, 0x07, 0x69, 0x6c, 0xf3, 0xb8, 0xf7, 0x5e, 0x0d, 0x0d, 0x3c,
    0x4b, 0x66, 0xbf, 0x8c, 0x46, 0x12, 0xe1, 0x1b, 0xd0, 0x6d, 0xcf, 0xa6, 0x52, 0xab, 0x9e, 0xd5,
    0xd2, 0x5c, 0x80, 0x05, 0x14, 0x70, 0x6f, 0x77, 0x9f, 0x5b, 0x69, 0xa3, 0x34, 0x52, 0x6d, 0xdb,
    0xe2, 0x44, 0xc9, 0xc5, 0x71, 0x96, 0x34, 0x3a, 0x85, 0x32, 0x0b, 0x00, 0xfc, 0x89, 0x8d, 0x3c,
    0x3f, 0x09, 0x87, 0x8b, 0x1f, 0x2b, 0xc8, 0x7c, 0x1b, 0xd2, 0xd8, 0x59, 0x0b, 0x38, 0x38, 0x8a,
    0xe9, 0xa8, 0xbb, 0x09, 0xba, 0x46, 0x9b, 0xe5, 0x78, 0x6a, 0xff, 0x0e, 0xdd, 0x62, 0xab, 0xe4,
    0x28, 0x0f, 0xe6, 0x56, 0x4e, 0xbf, 0x79, 0x3b, 0x37, 0xc7, 0x25, 0x81, 0x39, 0x0e, 0x09, 0x4c,
    0x77, 0xcc, 0x81, 0xc3, 0x08, 0x5f, 0xfe, 0x0c, 0xeb, 0x07, 0x6f, 0x4b, 0xb1, 0x03, 0x31, 0xaa,
    0xed, 0xfe, 0x3a, 0x8d, 0xef, 0xbf, 0x9f, 0xc2, 0x3f, 0x13, 0x5a, 0x97, 0x3f, 0x4e, 0xdf, 0xb6,
    0xa2, 0x4a, 0x7e, 0x29, 0xc9, 0xaf, 0xb3, 0xb3, 0x67, 0xe4, 0x1f, 0x29, 0x8f, 0x6f, 0xb7, 0x70,
    0x0f, 0x82, 0x38, 0xf7, 0x7e, 0x80, 0xf7, 0xf6, 0x34, 0xef, 0x19, 0x4e, 0x59, 0xf1, 0xc3, 0x49,
    0x5e, 0x7b, 0x03, 0xe5, 0xb1, 0x80, 0xda, 0xc5, 0x7b, 0x1c, 0x1b, 0xfb, 0x5b, 0x42, 0x00, 0x4d,
    0x6c, 0x8c, 0x0d, 0xd0, 0xa5, 0x8d, 0x9e, 0x54, 0xdd, 0xb2, 0x9d, 0x52, 0x48, 0x9b, 0x43, 0x08,
    0x60, 0x2f, 0x59, 0x6c, 0x65, 0x40, 0x32, 0x50, 0x85, 0x43, 0x02, 0x51, 0x36, 0x56, 0xd0, 0x35,
    0x82, 0x04, 0x79, 0x47, 0x82, 0x73, 0xab, 0x93, 0xf4, 0x8c, 0x36, 0x06, 0xbc, 0x77, 0x1e, 0xdf,
    0xbb, 0xce, 0xa9, 0x11, 0xb7, 0x39, 0xc4, 0x81, 0x95, 0xe8, 0xde, 0xee, 0x7e, 0x8b, 0x7b, 0x43,
    0x42, 0x3e, 0xe3, 0x3c, 0x7f, 0x16, 0x89, 0xa9, 0xab, 0xb3, 0x99, 0x45, 0x32, 0xd7, 0xf2, 0x76,
    0x00, 0xae, 0xe5, 0xac, 0x9f, 0x4d, 0x95, 0xb2, 0x29, 0x85, 0x7e, 0xa8, 0x09, 0x78, 0x46, 0xf7,
    0xbc, 0xca, 0x08, 0x67, 0x9f, 0xeb, 0x60, 0x2d, 0x8a, 0x21, 0x0b, 0xfe, 0x6b, 0x7d, 0x08, 0x8d,
    0x05, 0xf1, 0xfc, 0x50, 0x25, 0x11, 0x0e, 0xe5, 0x46, 0x6a, 0x3f, 0x1b, 0x78, 0xbd, 0x1e, 0x4e,
    0x42, 0xce, 0x41, 0x12, 0xd4, 0xda, 0x88, 0x95, 0xaf, 0x96, 0xca, 0xd5, 0x6c, 0x9a, 0x3d, 0xef,
    0xd3, 0x64, 0xc9, 0xa3, 0x29, 0xf0, 0x4d, 0xaa, 0xee, 0x0b, 0x23, 0x76, 0x5b, 0x8a, 0xba, 0x77,
    0x13, 0xaf, 0xf9, 0x1f, 0x1c, 0xc7, 0x15, 0x48, 0x21, 0xb0, 0xcb, 0x4a, 0x82, 0x1d, 0x3f, 0x38,
    0x8f, 0x0e, 0xa3, 0x3e, 0x9c, 0x49, 0x9a, 0x00, 0x7c, 0x17, 0xc0, 0xef, 0x33, 0x1c, 0xd1, 0x67,
    0xc8, 0x4c, 0x5f, 0x5e, 0x0f, 0x0d, 0x23, 0xde, 0x0a, 0x8d, 0x6d, 0xf9, 0x63, 0x82, 0x5c, 0x00,
    0x58, 0x55, 0xe0, 0xcf, 0x37, 0xfa, 0x03, 0xf8, 0x31, 0x67, 0x90, 0xcd, 0x9c, 0x01, 0x97, 0xda,
    0xe0, 0x3f, 0x2e, 0xb1, 0x98, 0xda, 0xd7, 0x7a, 0x27, 0xd5, 0x1e, 0x56, 0x14, 0xd4, 0x90, 0x68,
    0xd6, 0x18, 0x4d, 0xd5, 0x75, 0x1f, 0x34, 0xd6, 0xbe, 0xd0, 0x9a, 0xc5, 0x60, 0x04, 0x60, 0x30,
    0x18, 0x60, 0x25, 0xc1, 0x0c, 0x06, 0x83, 0x11, 0x80, 0xc1, 0x60, 0x30, 0x02, 0x30, 0x18, 0x0c,
    0x46, 0x00, 0x06, 0x83, 0x01, 0x31, 0x97, 0x01, 0xb3, 0xa0, 0xe1, 0x8a, 0xc3, 0xa0, 0xe1, 0x9a,
    0xad, 0xf1, 0xe9, 0xea, 0xa7, 0x45, 0x08, 0x8e, 0xe0, 0xbb, 0x1a, 0x1a, 0xf2, 0x88, 0x98, 0xb5,
    0xe2, 0xde, 0xf2, 0x05, 0x35, 0xf4, 0x85, 0x86, 0x33, 0xb6, 0x86, 0x46, 0x32, 0xbd, 0x8a, 0x4f,
    0x2f, 0x6f, 0x8d, 0x83, 0x86, 0x7e, 0x66, 0x43, 0xd7, 0x4d, 0x67, 0x25, 0xb9, 0x0d, 0x73, 0x07,
    0x68, 0xec, 0x7b, 0x5e, 0xc0, 0x36, 0xcc, 0xdd, 0xa0, 0x89, 0x25, 0x6d, 0xa1, 0x01, 0x27, 0x33,
    0x9c, 0x88, 0xb0, 0x81, 0x68, 0xae, 0xe6, 0x5b, 0x03, 0x0d, 0x81, 0x3e, 0xe8, 0x14, 0x12, 0xb9,
    0x9c, 0xcf, 0x5c, 0xce, 0x67, 0x76, 0x8b, 0x94, 0x5c, 0x06, 0x0d, 0x7d, 0x06, 0x34, 0x10, 0x64,
    0x9e, 0x8f, 0x78, 0x2f, 0xe3, 0xf5, 0x01, 0x8d, 0x1b, 0xf7, 0x67, 0xb7, 0x5d, 0x07, 0x0d, 0x1c,
    0x11, 0x68, 0xb8, 0xe8, 0x52, 0xdf, 0xef, 0x3d, 0xd1, 0x1c, 0x6a, 0x5d, 0x0f, 0xdd, 0xc3, 0x7e,
    0x4f, 0x0a, 0x7d, 0xd2, 0x04, 0x0d, 0x36, 0xf1, 0x17, 0xd9, 0xe8, 0xc7, 0x3e, 0xc9, 0xf1, 0x45,
    0xf5, 0xcd, 0xf4, 0x1d, 0x77, 0x29, 0x34, 0x4f, 0xa4, 0x0e, 0x1a, 0x2d, 0x19, 0x15, 0x28, 0xd3,
    0x89, 0xfd, 0xe0, 0x56, 0xb0, 0x39, 0x00, 0x5d, 0xd2, 0x8c, 0xb3, 0x9c, 0x79, 0x2e, 0x34, 0xb5,
    0x39, 0x1b, 0x1a, 0x0c, 0x36, 0x13, 0x99, 0x4b, 0x5d, 0x1f, 0x06, 0xad, 0x07, 0x91, 0x0d, 0x8d,
    0xe4, 0x7b, 0x27, 0x46, 0x9e, 0x40, 0x1e, 0xfb, 0x2d, 0xcf, 0x17, 0xbb, 0x7f, 0x88, 0x72, 0xbb,
    0x2a, 0xe4, 0x79, 0x7b, 0x50, 0x96, 0x72, 0xa1, 0x49, 0x79, 0xaf, 0x23, 0xb5, 0xc2, 0x2f, 0xe3,
    0x9c, 0xca, 0xc3, 0xd5, 0x1c, 0xaf, 0x1f, 0x23, 0xaa, 0xbe, 0x87, 0xaf, 0x32, 0xee, 0xe5, 0x22,
    0xf2, 0x53, 0x56, 0x6d, 0xdd, 0x27, 0x22, 0x75, 0xac, 0x8a, 0xfb, 0x81, 0x88, 0xfc, 0x4c, 0x44,
    0xfe, 0x41, 0x44, 0xb2, 0x7c, 0x95, 0x45, 0x5b, 0xb3, 0x2a, 0x6b, 0x5c, 0xbc, 0x24, 0x22, 0xe3,
    0x7c, 0xd7, 0x98, 0xc0, 0x0a, 0xb5, 0xc2, 0x0a, 0xaa, 0x27, 0xf9, 0x7e, 0xbf, 0x42, 0x44, 0xf2,
    0x59, 0x51, 0xf5, 0x3e, 0xdf, 0x6f, 0x97, 0x8b, 0xc8, 0x47, 0x22, 0xd2, 0x28, 0x22, 0x8f, 0x89,
    0x48, 0x97, 0x80, 0xea, 0xa7, 0x67, 0x8b, 0xc8, 0x2b, 0xbc, 0xfe, 0xff, 0xf8, 0xaa, 0xcb, 0x0e,
    0x16, 0x91, 0x67, 0xf9, 0xdb, 0xf3, 0xbe, 0x2a, 0xb6, 0xd3, 0x44, 0x64, 0x05, 0x7f, 0x7b, 0x4d,
    0x44, 0xc6, 0x3b, 0xbf, 0x5d, 0xe8, 0x54, 0xa5, 0x7d, 0x5c, 0x44, 0x3a, 0xf9, 0xee, 0x79, 0x15,
    0x7f, 0x6f, 0x14, 0x91, 0xff, 0x23, 0x22, 0x63, 0x9d, 0xdf, 0xce, 0x71, 0xee, 0xf9, 0x37, 0x11,
    0x99, 0x12, 0xf0, 0xcc, 0xb7, 0xb0, 0xea, 0x6c, 0xad, 0x88, 0xfc, 0x8b, 0xef, 0x99, 0xdb, 0xb0,
    0x9a, 0x6c, 0xbe, 0x88, 0x54, 0x8b, 0xc8, 0xf7, 0x44, 0xa4, 0x67, 0x8a, 0x7d, 0xf2, 0x89, 0x88,
    0x7c, 0x31, 0xa4, 0xcd, 0x66, 0x3a, 0xc7, 0x35, 0x8a, 0xc8, 0xfd, 0x01, 0xc7, 0xdd, 0xc6, 0xea,
    0xd1, 0x73, 0x59, 0x51, 0x3a, 0xaa, 0x0a, 0xed, 0xa9, 0xac, 0x84, 0xeb, 0xe2, 0x47, 0x11, 0x55,
    0x71, 0xdd, 0xcf, 0x78, 0x56, 0xc1, 0xad, 0x71, 0xfa, 0xea, 0x0a, 0xca, 0x2d, 0x32, 0xf0, 0x19,
    0xc1, 0xfb, 0x55, 0x53, 0x66, 0xa7, 0xc6, 0x38, 0x67, 0x80, 0x88, 0xfc, 0xc2, 0xf7, 0x7e, 0xb5,
    0x22, 0xb2, 0x4d, 0x44, 0x7e, 0x2f, 0x22, 0x37, 0x86, 0x54, 0x2f, 0x3e, 0x4d, 0x44, 0x5e, 0xe5,
    0xf1, 0xdf, 0x16, 0x91, 0xb6, 0x49, 0x3e, 0xeb, 0x19, 0xac, 0x36, 0xbd, 0x58, 0x44, 0xf6, 0x73,
    0x9c, 0xec, 0xe2, 0x35, 0xff, 0x51, 0x44, 0xda, 0xc5, 0xa9, 0x0a, 0x3c, 0x96, 0x2c, 0x34, 0x1d,
    0x5a, 0x64, 0xe0, 0x19, 0xb2, 0x79, 0x77, 0x68, 0x12, 0xd0, 0x23, 0xd0, 0x44, 0x99, 0x76, 0xf8,
    0x74, 0xe0, 0x42, 0x3d, 0x67, 0x86, 0xe9, 0xf8, 0x6c, 0x0c, 0xf9, 0x17, 0xa0, 0xb5, 0xe8, 0xea,
    0x7d, 0x1a, 0xc0, 0xee, 0x34, 0x32, 0x75, 0x01, 0x34, 0xb0, 0xe2, 0x4c, 0x6a, 0x09, 0x0b, 0x7d,
    0xb3, 0x65, 0x96, 0x53, 0x8b, 0xee, 0x00, 0x19, 0xb1, 0xc8, 0x97, 0xb6, 0x59, 0xc0, 0x99, 0x70,
    0x38, 0x34, 0xd2, 0x6e, 0x2d, 0xcf, 0xeb, 0xcd, 0x73, 0x6b, 0x9d, 0xdf, 0x96, 0x3b, 0x45, 0x1f,
    0x87, 0x43, 0xc3, 0x35, 0x77, 0x04, 0x54, 0x7d, 0x59, 0xc8, 0x59, 0xd4, 0xcb, 0xdd, 0x2e, 0xe2,
    0x71, 0x79, 0xd0, 0x2c, 0xb0, 0xdb, 0xa9, 0xb1, 0xbc, 0x1e, 0x92, 0x08, 0x32, 0x8f, 0xf7, 0xff,
    0x67, 0x68, 0x32, 0x49, 0x31, 0xdb, 0xad, 0x12, 0xc0, 0x64, 0x68, 0x1a, 0xe8, 0x28, 0x68, 0x38,
    0xed, 0x42, 0x5f, 0x9b, 0x86, 0xf5, 0x89, 0xab, 0xf9, 0x7d, 0x0b, 0x9a, 0xa4, 0xb5, 0x2d, 0x41,
    0x20, 0x4a, 0x13, 0x34, 0x62, 0x0d, 0x21, 0x61, 0xbb, 0xdb, 0xa9, 0xa1, 0x9c, 0x01, 0x0d, 0x71,
    0x45, 0x82, 0x50, 0xef, 0x45, 0xd0, 0x98, 0xf5, 0x09, 0x7c, 0x2f, 0xc4, 0xac, 0xed, 0xf7, 0x45,
    0x00, 0x5f, 0x67, 0x5f, 0xec, 0x82, 0xe6, 0xa9, 0x94, 0x73, 0xa6, 0x7b, 0x2f, 0x03, 0x1a, 0xc0,
    0x06, 0x6a, 0x8a, 0xed, 0xa1, 0x91, 0x97, 0xdb, 0x39, 0x1e, 0xa2, 0xca, 0xc2, 0x95, 0x41, 0xf3,
    0x23, 0xd6, 0x38, 0xb2, 0xd7, 0xd1, 0xa9, 0x2a, 0x5d, 0x43, 0x4d, 0xe0, 0xa3, 0x34, 0x3e, 0x67,
    0x3f, 0xca, 0xc2, 0x63, 0x94, 0xef, 0xdf, 0x52, 0x56, 0x4e, 0xa2, 0xcc, 0x8f, 0xa6, 0x26, 0x59,
    0x94, 0xc8, 0x04, 0x18, 0x42, 0x95, 0xaf, 0x0e, 0xc0, 0xb3, 0xd0, 0x7c, 0xf1, 0xbd, 0x3c, 0x39,
    0x1f, 0x1a, 0xba, 0x18, 0x16, 0x34, 0xf0, 0x46, 0x80, 0x5a, 0xe8, 0xe2, 0xd7, 0x19, 0x8c, 0x58,
    0x2b, 0xa4, 0x6a, 0xb5, 0x8f, 0x2f, 0x3c, 0x0c, 0x9a, 0x70, 0xd4, 0xe4, 0x44, 0xd0, 0x8d, 0xa5,
    0xca, 0xfe, 0x77, 0x0e, 0xf6, 0x06, 0x5f, 0x56, 0xdb, 0x4e, 0x0e, 0xce, 0x61, 0x1c, 0x74, 0x59,
    0x24, 0xbe, 0x81, 0xec, 0xc0, 0x59, 0x54, 0x07, 0x7b, 0xb3, 0xcd, 0xda, 0x91, 0x00, 0x7a, 0x3a,
    0x95, 0x93, 0x11, 0x90, 0x0a, 0xbb, 0x90, 0x03, 0xf4, 0x11, 0x68, 0x79, 0xe8, 0x52, 0x0a, 0xd4,
    0x9d, 0xd0, 0x24, 0x91, 0xdf, 0x51, 0x78, 0x83, 0x8a, 0x39, 0xec, 0xe6, 0x60, 0x79, 0x9e, 0x03,
    0xf0, 0x5a, 0x7e, 0xb7, 0x1e, 0x1a, 0x14, 0x74, 0x1d, 0x85, 0x71, 0x66, 0x80, 0x79, 0x80, 0x90,
    0x8d, 0x32, 0x5a, 0xf3, 0xbc, 0x87, 0x38, 0xf8, 0x57, 0xd3, 0xe4, 0x59, 0x81, 0xc4, 0xc5, 0x35,
    0xfe, 0x37, 0xe4, 0xb7, 0x6d, 0x6c, 0xff, 0x4b, 0xd1, 0x5c, 0xeb, 0xb1, 0x34, 0x22, 0x3d, 0xf8,
    0x0f, 0x6c, 0xe7, 0x09, 0x88, 0x5f, 0xd1, 0xf8, 0x0a, 0x68, 0x45, 0xe9, 0x46, 0x00, 0xff, 0x45,
    0x33, 0xf1, 0x41, 0x00, 0xf7, 0x91, 0x10, 0xab, 0x38, 0xf0, 0x82, 0xe4, 0xfb, 0x06, 0x0e, 0x86,
    0x44, 0x66, 0xd0, 0x22, 0xb6, 0xad, 0x8b, 0x25, 0xec, 0xeb, 0x3c, 0x4e, 0x68, 0xa5, 0x94, 0x93,
    0xb0, 0x1c, 0x87, 0x4a, 0x9a, 0x82, 0xa7, 0x71, 0x60, 0x76, 0x26, 0x49, 0xcd, 0xe2, 0x44, 0x30,
    0x99, 0xfd, 0x95, 0x4e, 0x02, 0x38, 0x9d, 0xb2, 0xd1, 0x1a, 0x9a, 0x75, 0xf9, 0x1a, 0xc9, 0xaa,
    0x13, 0x34, 0x57, 0xa0, 0x57, 0x54, 0x82, 0x90, 0x4b, 0x00, 0xb9, 0x7c, 0xd1, 0xc3, 0x7c, 0x91,
    0xbd, 0x6c, 0xf0, 0x5d, 0xbc, 0x68, 0x55, 0x4b, 0x2a, 0x8f, 0x64, 0x10, 0x8d, 0xb4, 0xb1, 0x97,
    0xd0, 0xee, 0x1d, 0xc7, 0x99, 0xc8, 0x8b, 0x92, 0x1b, 0x09, 0x2d, 0x72, 0x22, 0x6c, 0x90, 0xf5,
    0x08, 0x4e, 0x4e, 0xd9, 0x48, 0xbb, 0x7c, 0x00, 0x34, 0xe1, 0xc6, 0x9b, 0xe1, 0x2b, 0x39, 0x1b,
    0x5f, 0x46, 0x92, 0xf4, 0x76, 0x4b, 0x1a, 0xee, 0xd8, 0xf7, 0x3b, 0x43, 0x9e, 0x6d, 0x2d, 0x49,
    0x60, 0x2c, 0x67, 0xb0, 0x55, 0x3c, 0x7f, 0x24, 0x99, 0x7a, 0x61, 0x82, 0xf2, 0x5c, 0x2b, 0x28,
    0x48, 0xe3, 0xa8, 0x85, 0xe5, 0xf3, 0xff, 0x77, 0xb2, 0x1f, 0x9e, 0x87, 0x56, 0xf7, 0x8d, 0x6b,
    0x07, 0x5f, 0x42, 0x61, 0x99, 0x48, 0x32, 0xf9, 0x0d, 0x34, 0xa1, 0xa6, 0xaa, 0x85, 0x69, 0xaf,
    0x1b, 0x68, 0x67, 0x8e, 0x23, 0x69, 0xa6, 0xab, 0xd8, 0x4b, 0x2f, 0xfa, 0x67, 0xbe, 0x4e, 0xc2,
    0x7c, 0x8a, 0xbe, 0x0e, 0x4f, 0x36, 0x1f, 0x04, 0xf0, 0x55, 0x3e, 0x7f, 0x15, 0x09, 0xcd, 0xef,
    0x73, 0x18, 0x05, 0xe0, 0x07, 0x09, 0xee, 0xf3, 0x31, 0x89, 0x6c, 0x7d, 0x00, 0xf1, 0xcd, 0xe5,
    0x84, 0xf0, 0x51, 0x0c, 0x1f, 0x40, 0x27, 0x4e, 0x94, 0x57, 0x92, 0xe0, 0x4e, 0x81, 0xe6, 0xff,
    0xbb, 0x1a, 0x50, 0x9c, 0x0a, 0xbe, 0x5f, 0x84, 0xe6, 0xf7, 0x67, 0xf3, 0x9c, 0x4f, 0x22, 0xb2,
    0x35, 0x7b, 0x72, 0x96, 0xdf, 0x40, 0xf9, 0xd8, 0xe2, 0x54, 0x63, 0x9a, 0x95, 0x8c, 0x13, 0xf0,
    0x20, 0x55, 0xd2, 0xf3, 0xf8, 0x00, 0x6d, 0x38, 0xf8, 0xcb, 0xa8, 0x52, 0xbc, 0x95, 0xe4, 0x86,
    0x0c, 0x47, 0x12, 0xeb, 0x39, 0x0b, 0x5e, 0xc9, 0xc1, 0x3e, 0x97, 0x04, 0xd0, 0x9e, 0xb3, 0xd2,
    0x59, 0xd0, 0xec, 0xb7, 0x8d, 0x21, 0xd5, 0x68, 0x3c, 0x21, 0xbe, 0x8c, 0x03, 0xbb, 0xb7, 0x43,
    0x00, 0x9b, 0xd8, 0x36, 0xa5, 0x8e, 0x19, 0xd0, 0x9e, 0x7f, 0x4b, 0x02, 0x02, 0x70, 0x55, 0xf9,
    0xb1, 0xd0, 0xcd, 0x1c, 0xda, 0x41, 0xb3, 0xd9, 0xc2, 0x66, 0x6e, 0xff, 0xcc, 0x34, 0x97, 0x9d,
    0x3c, 0x9c, 0x03, 0xff, 0x13, 0x0e, 0xb2, 0xff, 0x21, 0x81, 0xc4, 0xcd, 0x4e, 0x1b, 0xcf, 0x59,
    0xfa, 0x06, 0xaa, 0xa2, 0xbf, 0xa4, 0x80, 0xec, 0x49, 0x43, 0xad, 0x81, 0xed, 0x54, 0x7b, 0x4f,
    0xe3, 0x8c, 0x9d, 0x8e, 0xbc, 0xfa, 0x5c, 0xce, 0xfc, 0xd3, 0xd9, 0xde, 0x4f, 0x51, 0xab, 0x59,
    0xeb, 0xa4, 0xd2, 0x36, 0x91, 0x1c, 0x1e, 0xe4, 0x3b, 0xed, 0xf5, 0x6d, 0xda, 0x52, 0xce, 0x7e,
    0x9f, 0x1e, 0xe3, 0x1d, 0x8a, 0x23, 0x7e, 0x8b, 0x9b, 0x67, 0x7f, 0x0e, 0x4d, 0x93, 0x8b, 0xa0,
    0x75, 0x2f, 0xd6, 0x72, 0x42, 0x6d, 0xa2, 0x19, 0xd1, 0x2f, 0x46, 0x39, 0xf4, 0x1c, 0x6a, 0x68,
    0x13, 0xf8, 0xf7, 0x06, 0x3a, 0x49, 0x5f, 0x77, 0xde, 0xdd, 0x3d, 0xb6, 0x3d, 0xdb, 0xea, 0x60,
    0x2a, 0xc5, 0x7c, 0x73, 0x7c, 0x85, 0x1b, 0x66, 0xd0, 0x2b, 0x7e, 0x1b, 0x34, 0xd7, 0x7a, 0x0b,
    0x3b, 0x37, 0xdf, 0x99, 0xcd, 0x76, 0x1c, 0x83, 0x04, 0xb0, 0x9f, 0x03, 0x31, 0x9f, 0xbe, 0x80,
    0x61, 0xd0, 0x5c, 0xec, 0x61, 0x5c, 0x25, 0xc8, 0xa5, 0xaa, 0x1e, 0x56, 0x43, 0xc0, 0x4b, 0xf5,
    0x6d, 0xe0, 0x39, 0xfd, 0x38, 0xfb, 0x0c, 0xe5, 0x8c, 0xd3, 0x44, 0x22, 0x70, 0x09, 0xc0, 0x2b,
    0xee, 0x50, 0x9c, 0x20, 0x97, 0xbb, 0x92, 0x03, 0xfd, 0x05, 0x00, 0x8f, 0x72, 0xa6, 0xfa, 0x33,
    0x34, 0xfd, 0x38, 0x8e, 0x59, 0x74, 0x90, 0xef, 0xf2, 0x7b, 0x68, 0x41, 0xd2, 0xcb, 0x78, 0xee,
    0x3c, 0x44, 0xa7, 0xeb, 0xfa, 0xd5, 0xe8, 0x29, 0x54, 0x99, 0xb3, 0xa9, 0x7d, 0xcc, 0x49, 0x63,
    0x55, 0x26, 0xcf, 0x0c, 0x38, 0x97, 0xe4, 0xd4, 0x99, 0xea, 0x7e, 0x4b, 0x51, 0x4d, 0xb5, 0xb6,
    0x8e, 0x6d, 0xb8, 0xde, 0x67, 0x22, 0xbd, 0xc6, 0xb6, 0xef, 0x40, 0xbf, 0x47, 0x53, 0x40, 0xf5,
    0x9c, 0xbf, 0x1c, 0x41, 0x39, 0xec, 0x43, 0x12, 0x58, 0x09, 0x4d, 0xfd, 0x7e, 0x8f, 0xfd, 0x7d,
    0x33, 0xb5, 0xca, 0x38, 0xb8, 0x8e, 0xa4, 0xf5, 0x26, 0xcd, 0xd0, 0x3b, 0xe8, 0xaf, 0xa9, 0xe4,
    0x44, 0x73, 0xc0, 0xf7, 0x7e, 0xd5, 0x6c, 0x9f, 0x93, 0x52, 0xa9, 0x5c, 0x95, 0xe3, 0x73, 0x86,
    0xbd, 0xea, 0xcc, 0x74, 0xc3, 0xf8, 0x42, 0x67, 0x43, 0x4b, 0x31, 0xe7, 0x43, 0xf3, 0xd0, 0xff,
    0x9c, 0x62, 0x51, 0xc7, 0x23, 0xa1, 0x05, 0x2c, 0xe6, 0x4c, 0x3b, 0x81, 0x36, 0x9d, 0xe7, 0xfc,
    0x2b, 0x67, 0xa7, 0x84, 0x55, 0x21, 0xaa, 0x63, 0xe3, 0x16, 0xf2, 0x9c, 0xfe, 0xfc, 0xb4, 0xe3,
    0x20, 0x59, 0x4f, 0xdf, 0xc1, 0x39, 0x6c, 0x93, 0x3c, 0x76, 0xce, 0x7b, 0x09, 0x66, 0x7f, 0x6f,
    0xc9, 0x6f, 0xa8, 0x53, 0x5d, 0xb8, 0x3d, 0x4d, 0x80, 0xc1, 0x49, 0xcc, 0xbe, 0x6b, 0x1d, 0xe7,
    0xd2, 0x69, 0x9c, 0x09, 0xe3, 0x56, 0xd7, 0xed, 0x42, 0x8d, 0xee, 0x01, 0x0a, 0xc8, 0x1b, 0x54,
    0xfb, 0x97, 0xa6, 0xb1, 0xed, 0xbd, 0x49, 0xa2, 0x81, 0x66, 0xc0, 0x20, 0x4e, 0x28, 0x68, 0xe1,
    0xd6, 0x62, 0x2f, 0x24, 0x38, 0xa6, 0x14, 0x5a, 0x64, 0x06, 0xc7, 0x58, 0x5c, 0x4d, 0x03, 0x65,
    0xaa, 0x96, 0x26, 0xc8, 0x28, 0xca, 0xcd, 0x01, 0xc4, 0xdb, 0x3f, 0xe3, 0x45, 0x92, 0xfc, 0x40,
    0x5e, 0xe7, 0x9f, 0x69, 0xbe, 0x7d, 0x40, 0x33, 0xd6, 0xef, 0x2b, 0x5a, 0xcb, 0x7b, 0x8c, 0xa6,
    0xbc, 0x6e, 0x27, 0x09, 0x9f, 0x49, 0xed, 0x73, 0x46, 0x98, 0x76, 0xe0, 0x8f, 0x03, 0xd8, 0xc1,
    0x01, 0xde, 0x95, 0x27, 0x76, 0xa3, 0x4d, 0xfc, 0x25, 0xda, 0x8e, 0x57, 0x93, 0x9d, 0xe6, 0x22,
    0xfd, 0xe5, 0x98, 0xc5, 0xf1, 0x9c, 0xfa, 0xd5, 0x24, 0xef, 0xbb, 0xa6, 0x08, 0xa1, 0xdf, 0x4c,
    0x5b, 0xee, 0x10, 0xcd, 0x80, 0xf7, 0x38, 0x88, 0x07, 0x51, 0x85, 0x2b, 0x48, 0x50, 0x85, 0xd8,
    0xf3, 0x03, 0x0c, 0xe5, 0xbb, 0x0f, 0xe7, 0xec, 0x52, 0xc4, 0xd9, 0xad, 0x80, 0xed, 0x35, 0x84,
    0x8d, 0x8b, 0x18, 0xea, 0xbf, 0xa7, 0x7a, 0x5f, 0x42, 0xcf, 0xff, 0x3b, 0xbc, 0xfe, 0xad, 0x4e,
    0x61, 0x95, 0xb8, 0x2b, 0x22, 0x6e, 0x15, 0xe5, 0x86, 0x98, 0xea, 0x5e, 0x2e, 0x07, 0xff, 0x9d,
    0x6c, 0x8b, 0x8f, 0x39, 0x33, 0xcd, 0x4e, 0xb3, 0x39, 0x57, 0x4b, 0xa1, 0x5b, 0x4f, 0xa7, 0xd4,
    0xc0, 0x34, 0x10, 0xc0, 0xf1, 0x88, 0x3d, 0x94, 0x95, 0xf1, 0x34, 0x5f, 0x46, 0x50, 0x9b, 0xbc,
    0x8e, 0x93, 0x4f, 0xb7, 0x98, 0x65, 0xdc, 0x3f, 0xe1, 0xc0, 0x2f, 0xa0, 0x8c, 0x79, 0x93, 0x72,
    0x8f, 0x90, 0x92, 0x6b, 0xaf, 0x71, 0xe2, 0x7a, 0xd0, 0xd9, 0x5c, 0xe4, 0x24, 0x8e, 0x83, 0xf5,
    0x24, 0x93, 0x84, 0x04, 0x30, 0x99, 0x83, 0x7d, 0x36, 0x5f, 0x64, 0xbf, 0xe3, 0x39, 0x6e, 0x43,
    0xfb, 0x7a, 0xa8, 0x53, 0x8d, 0x06, 0x69, 0x16, 0xa0, 0xc3, 0x4e, 0xd0, 0x4e, 0x7b, 0x1f, 0x5b,
    0xe6, 0x71, 0xf6, 0x3a, 0x1c, 0xb1, 0x23, 0x50, 0x03, 0x1b, 0x6b, 0x29, 0x85, 0x7e, 0x20, 0x55,
    0x52, 0xa1, 0x83, 0x70, 0x7d, 0x0c, 0x67, 0xd6, 0x46, 0xbe, 0xe7, 0x70, 0x7e, 0x0a, 0xa8, 0xe6,
    0x97, 0x53, 0xd5, 0xf7, 0x3a, 0xa2, 0xb3, 0x63, 0x16, 0x94, 0x24, 0x70, 0x62, 0x9d, 0x4f, 0x35,
    0xae, 0x90, 0x1d, 0xd5, 0x03, 0xc0, 0xf7, 0x01, 0x7c, 0x99, 0xf7, 0x7c, 0x39, 0x46, 0x79, 0x74,
    0xa4, 0xb8, 0xff, 0xc2, 0x14, 0x3a, 0xa5, 0x26, 0xf0, 0x39, 0x9f, 0xe3, 0xec, 0x5f, 0x83, 0xcc,
    0xad, 0xc6, 0xdc, 0x42, 0x39, 0x3a, 0x16, 0x1d, 0xc6, 0x99, 0xc6, 0x87, 0xd0, 0x4d, 0x57, 0x9b,
    0xe8, 0xef, 0xc9, 0x25, 0xc9, 0xbf, 0x40, 0x99, 0x8c, 0x43, 0x00, 0xe5, 0xbe, 0xd2, 0x64, 0x95,
    0x1c, 0xbc, 0x1d, 0x43, 0x36, 0x53, 0xdd, 0xee, 0xf8, 0xe7, 0xae, 0x84, 0xee, 0x71, 0x99, 0x47,
    0x7f, 0xc8, 0xfb, 0xd4, 0x0e, 0xf6, 0xc4, 0x31, 0x01, 0x7a, 0x53, 0x28, 0xbb, 0x38, 0xf6, 0x56,
    0x1d, 0xbf, 0xef, 0xcc, 0x63, 0xab, 0x62, 0x6c, 0xc9, 0x95, 0x2a, 0x73, 0x6e, 0x72, 0xbc, 0xf6,
    0xa7, 0xd1, 0xf6, 0xad, 0xe5, 0x0c, 0x3e, 0x88, 0xcf, 0xf1, 0x61, 0x02, 0xb5, 0x79, 0x3d, 0x07,
    0xfb, 0x54, 0xe8, 0x8e, 0x34, 0x67, 0xf0, 0xba, 0x1b, 0x62, 0x78, 0xa6, 0x77, 0xd3, 0xe7, 0xe1,
    0xa9, 0x6d, 0x43, 0xa8, 0x3a, 0xed, 0x74, 0xfc, 0x04, 0x9b, 0x1c, 0x02, 0xd8, 0xce, 0xdf, 0xaa,
    0x23, 0x66, 0xdf, 0x29, 0x14, 0x84, 0xd6, 0xd0, 0x25, 0xbf, 0x39, 0x1c, 0x1c, 0xaf, 0x52, 0x0b,
    0x98, 0xc6, 0x6b, 0x2c, 0xc8, 0x40, 0x9b, 0x9e, 0x4d, 0xa7, 0xdf, 0xb5, 0xec, 0xb7, 0x5f, 0x72,
    0xf0, 0x97, 0x65, 0x70, 0x13, 0x90, 0xd5, 0xd0, 0xf8, 0x86, 0xb1, 0x7c, 0xcf, 0x0d, 0x9f, 0x33,
    0x02, 0xf0, 0x4c, 0x92, 0xcd, 0xd0, 0x15, 0x80, 0xd6, 0x9c, 0xc8, 0xea, 0x39, 0x2b, 0x67, 0x47,
    0x78, 0xf3, 0xe1, 0xac, 0x24, 0xe4, 0x39, 0x24, 0xd0, 0x81, 0x83, 0xbf, 0x32, 0x62, 0xec, 0x7d,
    0xcc, 0x7b, 0xaf, 0xe4, 0x04, 0x93, 0xeb, 0x44, 0x02, 0xae, 0x8c, 0x22, 0x62, 0xbf, 0x09, 0x30,
    0x8e, 0xea, 0xcb, 0xdf, 0x69, 0x6f, 0xd6, 0x73, 0xe0, 0x5d, 0xe7, 0x2c, 0x89, 0x64, 0x62, 0x43,
    0x89, 0xdd, 0x9c, 0x3d, 0x96, 0x72, 0xd0, 0x1c, 0xe6, 0xb3, 0x54, 0x43, 0xc3, 0x84, 0xff, 0x81,
    0x7f, 0xbf, 0x15, 0xe0, 0x09, 0x85, 0x6f, 0x99, 0x65, 0x03, 0x67, 0xf2, 0x49, 0x9c, 0x05, 0x17,
    0xc7, 0x98, 0xfd, 0x3d, 0x0d, 0x62, 0x27, 0x49, 0x60, 0x14, 0xcf, 0x2d, 0x70, 0x66, 0xf8, 0x12,
    0xfe, 0xdf, 0xbb, 0xee, 0x87, 0x11, 0x9e, 0x63, 0x70, 0xe6, 0xbf, 0x8a, 0x76, 0xd9, 0x1f, 0xe9,
    0x40, 0x2d, 0xe4, 0x39, 0x7d, 0x48, 0x72, 0x37, 0xf0, 0x59, 0x0b, 0x63, 0x08, 0x46, 0x32, 0xe8,
    0xec, 0xec, 0x78, 0x0c, 0xe8, 0x72, 0xdf, 0x5e, 0x12, 0xc2, 0xa5, 0x21, 0x3e, 0x86, 0xc5, 0x68,
    0xf9, 0xb6, 0x6f, 0xdb, 0x28, 0x1f, 0x9e, 0x1f, 0xe0, 0xf3, 0x46, 0x00, 0xe0, 0x80, 0x6f, 0xc9,
    0xae, 0x45, 0x63, 0x29, 0x1b, 0xf3, 0x49, 0xa2, 0xc3, 0x38, 0xa8, 0xdf, 0x4e, 0x30, 0xf9, 0x95,
    0xa4, 0x52, 0xb0, 0xd6, 0xef, 0x04, 0xfc, 0x05, 0x67, 0x0e, 0xaf, 0x66, 0x59, 0x3b, 0x76, 0xec,
    0x56, 0xe8, 0x32, 0xcc, 0xbc, 0x18, 0x25, 0xa4, 0x53, 0xc5, 0x6c, 0xde, 0x6f, 0x1a, 0x55, 0xf7,
    0xab, 0xc9, 0xa0, 0x87, 0x28, 0x48, 0xbf, 0x62, 0xc3, 0xee, 0x8c, 0x11, 0xc1, 0xb5, 0x98, 0xf6,
    0x57, 0x15, 0x74, 0xfd, 0xb6, 0x20, 0xc9, 0x35, 0xed, 0x51, 0x54, 0xc5, 0x8a, 0xd0, 0xbc, 0x6c,
    0xe8, 0x11, 0x40, 0x56, 0x0c, 0xfb, 0x7f, 0x20, 0xdb, 0xf0, 0x1a, 0x32, 0xf0, 0xbb, 0x4e, 0xb4,
    0x5f, 0x3d, 0xdb, 0xb1, 0x2f, 0x74, 0x7d, 0xfa, 0x0e, 0xce, 0x0e, 0xcf, 0xa7, 0xd1, 0x2e, 0x6f,
    0x47, 0x27, 0xa5, 0x17, 0x93, 0xfe, 0x10, 0xa2, 0x57, 0x50, 0x1e, 0x4a, 0x03, 0x01, 0xc0, 0xf1,
    0x97, 0x4c, 0xa3, 0xcf, 0x21, 0x27, 0xc3, 0xdb, 0xcc, 0x9d, 0x88, 0xe8, 0x41, 0x33, 0x6a, 0x0c,
    0x4d, 0x86, 0x3b, 0x38, 0x06, 0xe6, 0x66, 0x62, 0xec, 0xe5, 0xf8, 0xb6, 0x60, 0x5e, 0x47, 0xe7,
    0x59, 0x3f, 0xaa, 0x22, 0xd9, 0xb4, 0x17, 0xcb, 0xa8, 0xfe, 0x6e, 0x8e, 0xe9, 0x79, 0xde, 0x01,
    0x8d, 0xfe, 0x7b, 0x8e, 0x83, 0x24, 0xee, 0x72, 0xd7, 0x4b, 0x1c, 0x80, 0x33, 0x9c, 0xf2, 0xc9,
    0xd5, 0x54, 0x6f, 0xd6, 0xc6, 0x64, 0xb8, 0x02, 0xbe, 0xc3, 0x47, 0x7c, 0xd6, 0x55, 0x49, 0x98,
    0x2d, 0x9b, 0xa1, 0xcb, 0x2f, 0xb3, 0x79, 0xee, 0x3a, 0xe7, 0x7d, 0x2b, 0xa8, 0x15, 0x4d, 0x77,
    0x98, 0x7e, 0x67, 0x44, 0x70, 0xd2, 0x0e, 0x0e, 0xac, 0x0a, 0x5e, 0xaf, 0xc1, 0xc7, 0xd6, 0xb3,
    0x78, 0x8d, 0xec, 0x98, 0x36, 0x79, 0x32, 0x6d, 0xea, 0x85, 0x3c, 0x4f, 0x47, 0x7c, 0x2f, 0x7e,
    0xba, 0xfc, 0x00, 0xab, 0xa9, 0x31, 0x8e, 0xa4, 0x1c, 0x59, 0xd9, 0xb2, 0xe4, 0x30, 0x83, 0x04,
    0x7a, 0x13, 0xc7, 0xe7, 0x46, 0x4e, 0x7e, 0x73, 0x63, 0xae, 0x22, 0x58, 0x49, 0x30, 0x43, 0xda,
    0x7c, 0x08, 0x3f, 0xa2, 0x49, 0xf6, 0xb5, 0x88, 0x6c, 0x40, 0x3f, 0x6e, 0x87, 0x96, 0xaa, 0xde,
    0x08, 0xe0, 0x5f, 0x7c, 0xfe, 0x0d, 0x37, 0x1b, 0xd0, 0xcb, 0x05, 0xf8, 0x31, 0x9a, 0xc3, 0x7b,
    0x3f, 0xcf, 0xb3, 0xfe, 0x15, 0x50, 0x67, 0xbb, 0x67, 0x8a, 0xf6, 0xe2, 0xe4, 0x50, 0x16, 0x90,
    0xbf, 0x62, 0x55, 0x81, 0x0d, 0x38, 0x92, 0x6b, 0xdb, 0xcf, 0xd2, 0x3c, 0xf9, 0x6a, 0x8c, 0xe3,
    0xd7, 0x00, 0xf8, 0x21, 0x35, 0x27, 0x7f, 0xd4, 0xe5, 0x29, 0x34, 0x8d, 0xee, 0xb1, 0x66, 0x85,
    0xdf, 0x79, 0xf8, 0x5b, 0x58, 0x51, 0x50, 0x03, 0x8e, 0xad, 0x32, 0xe4, 0x97, 0xf9, 0x26, 0x89,
    0x6d, 0x29, 0x6c, 0x0a, 0x0b, 0x9f, 0x73, 0xf2, 0x1a, 0x5f, 0x3c, 0xfc, 0x41, 0xe8, 0x52, 0xa8,
    0x95, 0x37, 0x37, 0x02, 0x30, 0x18, 0x0c, 0x56, 0x12, 0xcc, 0x60, 0x30, 0x18, 0x01, 0x18, 0x0c,
    0x06, 0x23, 0x00, 0x83, 0xc1, 0x60, 0x04, 0x60, 0x30, 0x18, 0x70, 0x14, 0x96, 0x01, 0xdb, 0x43,
    0xa3, 0x02, 0xf3, 0xa0, 0x41, 0x2d, 0xaf, 0x20, 0x3c, 0xb0, 0xa6, 0x27, 0x34, 0x8c, 0xb1, 0x27,
    0x9a, 0xe3, 0x91, 0xb7, 0x43, 0xa3, 0xe1, 0x2a, 0x12, 0xd4, 0x7c, 0x1b, 0x01, 0xcd, 0x60, 0x6a,
    0x03, 0x8d, 0xe0, 0x9b, 0x81, 0xcf, 0xe6, 0xd9, 0x67, 0x41, 0x43, 0x6b, 0x47, 0xf2, 0xd8, 0x5a,
    0xe8, 0x12, 0x4a, 0x7f, 0x68, 0xc5, 0x98, 0xb0, 0xe7, 0x6b, 0x49, 0xd5, 0xd5, 0xae, 0xd0, 0xa8,
    0xc4, 0xb6, 0xd0, 0x35, 0xd9, 0x19, 0x21, 0x11, 0x7b, 0x71, 0x8e, 0x4b, 0xf5, 0x39, 0x92, 0xbd,
    0xb6, 0x57, 0x37, 0xaf, 0x17, 0x74, 0x39, 0xae, 0x04, 0x9a, 0x4e, 0xdc, 0x0a, 0x5a, 0xa7, 0xb1,
    0x37, 0x34, 0xca, 0x72, 0x17, 0x34, 0xc5, 0xb4, 0x2c, 0x62, 0x7d, 0xfa, 0x72, 0xa7, 0x2f, 0x4b,
    0x9c, 0x73, 0xcb, 0xd8, 0xaf, 0x89, 0x82, 0x88, 0x86, 0xb0, 0xcf, 0xba, 0x39, 0x7d, 0xb4, 0x35,
    0x22, 0x40, 0x2b, 0xec, 0x3d, 0xe2, 0x54, 0xc7, 0xf1, 0x64, 0xc4, 0x4b, 0xc1, 0x75, 0x65, 0x64,
    0x00, 0xaf, 0x11, 0x47, 0x46, 0x6a, 0xa0, 0x6b, 0xf1, 0xbd, 0xa1, 0x2b, 0x16, 0x41, 0xf1, 0x0f,
    0xa7, 0x50, 0xd6, 0x4f, 0x71, 0xaa, 0x4d, 0x97, 0xf0, 0xbd, 0x82, 0x42, 0x76, 0xbb, 0x41, 0x43,
    0xc3, 0x73, 0xf9, 0x1e, 0x33, 0x22, 0x82, 0xea, 0x06, 0xa2, 0xb9, 0x1a, 0xb5, 0x5b, 0x05, 0xdb,
    0xad, 0x3a, 0x9c, 0x68, 0x2c, 0xc6, 0x43, 0x8c, 0x8a, 0xa3, 0xfd, 0x58, 0x49, 0x57, 0x44, 0xe4,
    0x69, 0x11, 0xe9, 0x1d, 0x72, 0xdc, 0x69, 0xac, 0x4c, 0xba, 0x44, 0x44, 0x0e, 0x8a, 0x48, 0x83,
    0x88, 0x94, 0xb1, 0xda, 0xef, 0x7d, 0x22, 0xd2, 0x2d, 0xe2, 0xbc, 0x1f, 0x8b, 0xc8, 0x46, 0x56,
    0x60, 0x15, 0x56, 0xcc, 0x1d, 0x14, 0x70, 0xec, 0x14, 0x11, 0x79, 0x4a, 0x44, 0xb6, 0xb2, 0x62,
    0xf1, 0x7e, 0x11, 0x79, 0x39, 0xc6, 0xf3, 0xb5, 0xa4, 0xea, 0xea, 0x48, 0x56, 0xa0, 0x15, 0x56,
    0xdf, 0xed, 0xd8, 0x82, 0xe3, 0x52, 0x7d, 0x8e, 0x64, 0xaf, 0xfd, 0x98, 0x88, 0xbc, 0x27, 0x22,
    0x87, 0xf9, 0x99, 0x2d, 0x22, 0xd3, 0x45, 0xe4, 0xeb, 0xfc, 0xbe, 0x82, 0xd5, 0x75, 0x97, 0xf2,
    0xfb, 0x2e, 0x11, 0x7d, 0xe3, 0x5d, 0xf3, 0x51, 0x56, 0x09, 0xae, 0x60, 0xa5, 0xdb, 0x35, 0xec,
    0xef, 0x41, 0x11, 0xcf, 0x7d, 0xbe, 0x88, 0x3c, 0x21, 0x22, 0xab, 0x44, 0xa4, 0x8a, 0xd5, 0x6a,
    0x8b, 0x45, 0xe4, 0x45, 0x56, 0x13, 0xee, 0x90, 0xe0, 0x9e, 0xff, 0xe4, 0xbc, 0x47, 0x0d, 0x2b,
    0x18, 0x7f, 0xdf, 0x57, 0xb9, 0xd9, 0xff, 0xb9, 0x98, 0x15, 0xac, 0xb7, 0xb4, 0x40, 0x46, 0x1e,
    0x63, 0x9b, 0x1d, 0x0a, 0xa9, 0x86, 0x3c, 0x48, 0x44, 0x1e, 0x11, 0x91, 0x05, 0xbe, 0xea, 0xd9,
    0x73, 0x44, 0xe4, 0x5b, 0x1c, 0x33, 0xfe, 0xeb, 0x8f, 0x11, 0x91, 0xbf, 0xf0, 0xfa, 0xdf, 0x15,
    0x91, 0xbc, 0x88, 0x77, 0x98, 0xc4, 0x2a, 0xcb, 0xfe, 0x2a, 0xd8, 0x6e, 0xd5, 0xe1, 0x9f, 0xf9,
    0x2a, 0x41, 0xa7, 0xf4, 0xc9, 0x49, 0x63, 0x25, 0x14, 0xaf, 0x32, 0x69, 0x19, 0x34, 0x70, 0x64,
    0x37, 0x99, 0xec, 0x2b, 0xd4, 0x08, 0x2a, 0xa0, 0xa9, 0x92, 0x12, 0x50, 0xd4, 0xf0, 0x1e, 0x68,
    0xbc, 0xf3, 0xe3, 0x9c, 0x69, 0xaa, 0xc8, 0x92, 0xf0, 0xd5, 0x69, 0x9f, 0x02, 0x0d, 0xaf, 0x5d,
    0x0d, 0x0d, 0x9c, 0xa8, 0x81, 0x26, 0xdd, 0x9c, 0x67, 0xca, 0xdc, 0xa7, 0x70, 0x0d, 0xb4, 0x40,
    0xc7, 0x1b, 0x00, 0x4e, 0x05, 0xf0, 0x8f, 0xd4, 0xa6, 0xba, 0x41, 0x43, 0xa5, 0xdf, 0x84, 0x26,
    0xeb, 0xdc, 0xcf, 0x76, 0xdf, 0x0c, 0x0d, 0x57, 0x8e, 0xc2, 0xd5, 0xd0, 0x70, 0xf0, 0x7f, 0xe6,
    0xac, 0x77, 0x3f, 0x34, 0x4e, 0x7d, 0x7b, 0x48, 0xb8, 0xef, 0x50, 0x68, 0x1c, 0xc1, 0x77, 0xa0,
    0x09, 0x56, 0x4f, 0xf2, 0x19, 0xce, 0x86, 0x26, 0x77, 0x75, 0x83, 0xe6, 0x5b, 0xbc, 0x89, 0xf4,
    0x54, 0xc7, 0xf1, 0xee, 0x79, 0x29, 0x80, 0x6f, 0x40, 0x43, 0xc7, 0x7f, 0xc4, 0x19, 0xf2, 0xc2,
    0x24, 0x65, 0xe4, 0x7a, 0x68, 0x02, 0xd9, 0xbf, 0x42, 0x8b, 0x6a, 0x20, 0x20, 0x4a, 0xf2, 0x2e,
    0x68, 0x95, 0x9f, 0x5f, 0x52, 0xd6, 0x3b, 0x43, 0x13, 0x79, 0x26, 0x41, 0xf3, 0x3e, 0x76, 0xe0,
    0x04, 0x31, 0x01, 0x10, 0xb3, 0x32, 0xe9, 0x35, 0x54, 0x0d, 0x7f, 0x41, 0xf5, 0xa6, 0x98, 0x2a,
    0x52, 0x5b, 0x68, 0x35, 0x9a, 0x33, 0xa0, 0x09, 0x27, 0xc5, 0xbe, 0x94, 0xd9, 0x6e, 0x54, 0xf1,
    0x16, 0x41, 0xe3, 0x9d, 0x57, 0x87, 0xdc, 0x63, 0x34, 0x55, 0xa8, 0x4a, 0x68, 0x6c, 0xf4, 0xab,
    0x4e, 0xca, 0xe3, 0x0f, 0x90, 0xd9, 0x28, 0xad, 0xb9, 0xec, 0xd4, 0x32, 0x5f, 0xae, 0x76, 0x2a,
    0xc7, 0x1d, 0x09, 0xec, 0x82, 0x16, 0x76, 0x59, 0x44, 0xd2, 0x9c, 0x00, 0x8d, 0x2f, 0x9f, 0x09,
    0x2d, 0x91, 0xb5, 0x00, 0x5a, 0xa4, 0x64, 0x02, 0x05, 0xf6, 0xaf, 0x31, 0xae, 0x59, 0x06, 0xad,
    0x54, 0xb3, 0x90, 0x7d, 0x39, 0x18, 0x1a, 0xaf, 0x3e, 0x88, 0x26, 0x8a, 0x3f, 0x94, 0x77, 0x0c,
    0xb4, 0x90, 0x4c, 0x23, 0x07, 0xc9, 0x2b, 0x1c, 0xb0, 0x9b, 0x39, 0x21, 0x5c, 0x02, 0xcd, 0x78,
    0x5b, 0x1c, 0x11, 0xe3, 0x9e, 0x6c, 0x75, 0x9c, 0x31, 0x94, 0x91, 0x2a, 0xca, 0xc8, 0x2b, 0xfc,
    0x7b, 0x7b, 0x92, 0x32, 0xb2, 0xd7, 0x79, 0xd7, 0xa9, 0x01, 0x6a, 0x76, 0x27, 0x4e, 0x48, 0x73,
    0xa1, 0x59, 0xa1, 0x8b, 0xa0, 0x21, 0xbc, 0xa3, 0x69, 0xca, 0xfa, 0x53, 0xcf, 0x07, 0xa0, 0xb9,
    0x22, 0x94, 0x87, 0x2f, 0xa3, 0xb9, 0xd0, 0xcb, 0xab, 0x47, 0xab, 0x76, 0x42, 0x4e, 0x0c, 0xfb,
    0xa9, 0x31, 0x66, 0xf5, 0xd6, 0x71, 0xd0, 0x44, 0x9e, 0x2a, 0x36, 0x9a, 0x77, 0xbd, 0x0d, 0x0e,
    0x3b, 0x77, 0x77, 0x08, 0xe0, 0x54, 0x0a, 0x67, 0x07, 0x34, 0x97, 0xe5, 0x9a, 0xc8, 0xcf, 0x06,
    0x76, 0xba, 0xdf, 0xe6, 0x1a, 0x0a, 0x4d, 0xf2, 0xd9, 0xec, 0xd8, 0xad, 0xeb, 0x48, 0x1a, 0x63,
    0x93, 0x78, 0xef, 0x29, 0x64, 0xef, 0x64, 0x6c, 0xd9, 0x4c, 0x62, 0x08, 0x67, 0xa8, 0xb6, 0xb4,
    0xed, 0xe7, 0x45, 0x94, 0x2f, 0x8b, 0x83, 0x7c, 0xda, 0xa2, 0x75, 0x14, 0xc6, 0xdd, 0xd0, 0x34,
    0xef, 0x7c, 0xa7, 0xda, 0x8c, 0xf7, 0xfd, 0xd9, 0x9c, 0xbd, 0x5a, 0x23, 0xba, 0x30, 0xc9, 0x1a,
    0x68, 0x4c, 0x7a, 0x2d, 0x67, 0xb7, 0x12, 0xc7, 0xb6, 0xed, 0x18, 0x40, 0x00, 0xa7, 0x40, 0x6b,
    0x27, 0xac, 0x61, 0x7f, 0x7a, 0xc7, 0xaf, 0xe4, 0xe7, 0x3c, 0x27, 0xd5, 0xf5, 0x40, 0x9a, 0xaa,
    0xe3, 0x9c, 0xc2, 0x6b, 0x7a, 0xe5, 0xdf, 0xf6, 0xfa, 0xda, 0x63, 0x74, 0xcc, 0xf6, 0xf3, 0xee,
    0x5b, 0x1d, 0xe2, 0xa7, 0xf1, 0x0a, 0xc4, 0x9c, 0x07, 0x8d, 0x64, 0x1c, 0xcd, 0xff, 0xef, 0x80,
    0x96, 0xd3, 0xf7, 0xb7, 0x45, 0x6f, 0x6a, 0x3d, 0x53, 0xf8, 0xff, 0x7f, 0x73, 0x7e, 0xfb, 0x39,
    0x65, 0xbd, 0xf8, 0x58, 0x20, 0x80, 0x8b, 0xe8, 0x08, 0xb9, 0x16, 0x9a, 0xc9, 0x75, 0x98, 0x2c,
    0xb7, 0x3b, 0xc1, 0x35, 0xf2, 0x38, 0x9b, 0x8f, 0xa3, 0x06, 0x90, 0xe5, 0x23, 0x15, 0x70, 0xa0,
    0xe7, 0xfa, 0xb6, 0x03, 0xbb, 0x9d, 0x33, 0x10, 0xf8, 0xf7, 0xed, 0x6c, 0xdc, 0x87, 0x02, 0xea,
    0xd9, 0xb7, 0xe5, 0xbf, 0x15, 0xbe, 0x32, 0xd6, 0x95, 0x49, 0x56, 0x43, 0xcd, 0x86, 0x96, 0x4e,
    0x9a, 0x48, 0x87, 0x63, 0x01, 0xd9, 0xfe, 0x2f, 0x21, 0xaa, 0x6c, 0x0f, 0xce, 0x38, 0xb7, 0x43,
    0x2b, 0xf9, 0xe4, 0x85, 0xdc, 0x2f, 0xee, 0x71, 0x7e, 0x9c, 0x45, 0xc2, 0xfc, 0x9a, 0xa3, 0x41,
    0x65, 0xb5, 0xb0, 0x5f, 0x0f, 0x39, 0x1a, 0x48, 0xbd, 0x93, 0x6d, 0xe8, 0x7e, 0x5f, 0xe7, 0x7c,
    0xdf, 0x8e, 0x6d, 0x51, 0x1f, 0xf3, 0x9a, 0xee, 0xb9, 0xed, 0xe9, 0xdc, 0xf3, 0xcb, 0x44, 0x5b,
    0x67, 0xdb, 0x34, 0x7f, 0x7f, 0x95, 0x87, 0xc8, 0x44, 0x4b, 0xaa, 0xe3, 0xb4, 0xf6, 0xdd, 0xb3,
    0x32, 0xe4, 0x9e, 0x88, 0x99, 0x99, 0x1a, 0xd5, 0x77, 0xcb, 0xa1, 0x99, 0x99, 0xd7, 0x52, 0xf3,
    0xbd, 0x99, 0x13, 0xc9, 0x27, 0xd0, 0xbc, 0xfd, 0xbf, 0xf9, 0xea, 0x66, 0x94, 0x50, 0xcb, 0xda,
    0x47, 0x22, 0x78, 0xdc, 0x21, 0xbd, 0xc3, 0x21, 0x95, 0xaa, 0xa3, 0x9c, 0x9c, 0x19, 0x21, 0x80,
    0x54, 0xed, 0xa7, 0x06, 0x0a, 0x43, 0x3d, 0x67, 0x88, 0xdf, 0x45, 0x1c, 0xe7, 0x96, 0x6c, 0x2e,
    0x86, 0x6e, 0x12, 0x31, 0x07, 0x9a, 0x35, 0xf6, 0x27, 0x27, 0x67, 0xde, 0x9f, 0xf9, 0x54, 0xef,
    0xdc, 0xa3, 0x23, 0x85, 0xce, 0x5d, 0xa5, 0x48, 0xa6, 0x1a, 0x6a, 0xb2, 0xb6, 0x6c, 0x26, 0x71,
    0x11, 0xdb, 0xf7, 0x01, 0xce, 0x6c, 0xcf, 0x42, 0x63, 0xed, 0x0b, 0x90, 0x9e, 0x3a, 0x8b, 0x71,
    0xbe, 0x6b, 0xe9, 0x35, 0x13, 0xc9, 0x44, 0x27, 0xdf, 0x5e, 0x79, 0x1d, 0xf8, 0x1d, 0x12, 0x94,
    0x78, 0x4b, 0xb6, 0x3a, 0x4e, 0xbd, 0xef, 0x9e, 0xed, 0x7d, 0x25, 0xe5, 0x3a, 0x21, 0xb9, 0xbd,
    0x26, 0xa2, 0x6a, 0x33, 0x6c, 0x81, 0x96, 0xf9, 0x5a, 0x43, 0xff, 0xd7, 0x00, 0x9a, 0x1f, 0x5f,
    0xe4, 0xdf, 0x25, 0x3e, 0x02, 0x28, 0xe2, 0x2a, 0xcc, 0x14, 0xe7, 0xbb, 0xe7, 0x23, 0xcc, 0xc4,
    0x3a, 0x6a, 0x1f, 0x39, 0x24, 0xba, 0x6c, 0x3e, 0x4f, 0xc7, 0x18, 0x9b, 0x9c, 0xa4, 0x4c, 0x00,
    0x2d, 0xb1, 0x9f, 0x4a, 0xd8, 0x18, 0x23, 0xf8, 0xc0, 0x6f, 0x70, 0x80, 0xe7, 0x38, 0x4b, 0x83,
    0x79, 0x3e, 0x4d, 0xc2, 0x53, 0xe3, 0x1f, 0x76, 0xbe, 0x5b, 0x10, 0x51, 0xbd, 0x67, 0x2f, 0x07,
    0xee, 0x48, 0x9a, 0x0f, 0x9f, 0xf0, 0xf9, 0x46, 0x25, 0xa9, 0xfe, 0x27, 0x6b, 0xcb, 0x66, 0x12,
    0xd7, 0xd1, 0x49, 0xfa, 0x11, 0x9d, 0x9a, 0x6f, 0xc7, 0x28, 0x78, 0x82, 0xe3, 0xa8, 0x40, 0x66,
    0x01, 0x65, 0x62, 0x28, 0x55, 0xf0, 0x83, 0xf4, 0x17, 0x9d, 0x41, 0x32, 0x29, 0x48, 0x50, 0xaa,
    0x2d, 0xd9, 0xea, 0x38, 0x7b, 0x79, 0x4d, 0x4f, 0x46, 0x56, 0x39, 0x32, 0x72, 0x5a, 0x1a, 0xdf,
    0xed, 0x4b, 0xd4, 0x98, 0x56, 0x53, 0x8e, 0x3a, 0x52, 0x93, 0xed, 0x0a, 0x2d, 0x66, 0xd3, 0x05,
    0x2d, 0xaf, 0xae, 0x54, 0xe6, 0x98, 0xd7, 0x7d, 0xa9, 0x25, 0x24, 0x2b, 0xeb, 0x49, 0x11, 0x40,
    0x4b, 0xec, 0x27, 0x6f, 0x4f, 0x81, 0xef, 0x50, 0x7d, 0xef, 0x47, 0x02, 0x68, 0x43, 0xfb, 0xc7,
    0xab, 0x88, 0xdb, 0x29, 0xc0, 0xbb, 0x9f, 0x8c, 0x5d, 0xfb, 0x26, 0x74, 0x9b, 0xad, 0x7b, 0x69,
    0x7b, 0xd6, 0x52, 0x3b, 0x49, 0xa6, 0x92, 0x4e, 0xb2, 0xb6, 0x6c, 0xa6, 0x30, 0x95, 0x26, 0xc3,
    0xdf, 0x69, 0x7e, 0xbc, 0xed, 0xec, 0x3c, 0x7c, 0x22, 0xc0, 0x5b, 0x85, 0xf8, 0x36, 0x35, 0x9c,
    0x93, 0x39, 0xe3, 0x4f, 0x80, 0x16, 0xa0, 0x9d, 0x4b, 0x4d, 0xf3, 0x40, 0x1a, 0xab, 0xe3, 0xac,
    0x65, 0x7b, 0x3e, 0x02, 0x5d, 0xf9, 0xf0, 0x64, 0xe4, 0x82, 0x34, 0x56, 0x26, 0x6a, 0x4b, 0x72,
    0xb9, 0x97, 0xc4, 0x54, 0xc4, 0xf7, 0xf2, 0xf6, 0x81, 0xdc, 0x94, 0x86, 0xc2, 0x1d, 0xbb, 0x28,
    0xa3, 0x37, 0x40, 0x57, 0x24, 0x0e, 0x53, 0x2b, 0xb9, 0x30, 0xdd, 0x05, 0x5d, 0x73, 0xd2, 0x64,
    0x3f, 0xed, 0x60, 0xc3, 0xd7, 0x41, 0x97, 0x03, 0xef, 0xa4, 0xaa, 0x72, 0x98, 0x44, 0xe0, 0x55,
    0x1b, 0x6a, 0xc9, 0xe0, 0xda, 0x48, 0x73, 0xa1, 0x0d, 0xed, 0xae, 0x1f, 0x92, 0x29, 0xe7, 0x52,
    0xbd, 0x3a, 0x9d, 0x9d, 0xdc, 0x98, 0x84, 0x7d, 0x9c, 0xc8, 0x96, 0xcd, 0x24, 0xce, 0x61, 0xbb,
    0x2e, 0xe3, 0xac, 0x75, 0x22, 0x0d, 0x7e, 0xf0, 0x9d, 0xbc, 0xe0, 0x99, 0xab, 0xa0, 0x4b, 0xc4,
    0xad, 0x39, 0x01, 0xbc, 0x44, 0xc2, 0x9b, 0x87, 0xf4, 0x56, 0xc7, 0x29, 0xa0, 0x8c, 0xb4, 0xa6,
    0x7d, 0xee, 0xc9, 0xc8, 0x3c, 0xca, 0xe0, 0x69, 0x69, 0xaa, 0x60, 0xbd, 0x83, 0x13, 0xda, 0x85,
    0xb4, 0xff, 0xf3, 0xd8, 0x7f, 0x1f, 0xf1, 0xbd, 0x96, 0xa6, 0xc1, 0x87, 0xb3, 0x1c, 0xba, 0x7a,
    0x72, 0x03, 0xcd, 0xf1, 0x83, 0x34, 0x0f, 0x0b, 0xa1, 0xc1, 0x5c, 0x69, 0x25, 0x80, 0x74, 0xd8,
    0x4f, 0xab, 0x1c, 0xe6, 0xea, 0x45, 0xc7, 0x52, 0x03, 0x07, 0xbd, 0xe7, 0xc1, 0x6d, 0x69, 0xce,
    0xf7, 0x5c, 0xaa, 0x7e, 0xcb, 0xa0, 0x9e, 0xeb, 0x5a, 0x3e, 0xeb, 0x05, 0x8e, 0xd3, 0xa8, 0x3a,
    0x8d, 0xb6, 0x6c, 0x26, 0xf1, 0x3f, 0x00, 0xee, 0xe6, 0x0c, 0xd9, 0x86, 0xce, 0x9d, 0xe5, 0x68,
    0x59, 0x61, 0xd5, 0xb7, 0xa0, 0xeb, 0xf9, 0xa5, 0x0e, 0xb1, 0xed, 0xa6, 0xb0, 0xbe, 0xc7, 0xb6,
    0xab, 0x76, 0x96, 0x2d, 0x67, 0x72, 0x16, 0xdb, 0x1b, 0xb2, 0x3f, 0x60, 0xd8, 0x35, 0x0f, 0x3a,
    0xe5, 0xd1, 0xaa, 0x23, 0xb4, 0xba, 0x05, 0xd4, 0xb0, 0x3e, 0xa0, 0x06, 0x90, 0xc3, 0x01, 0x59,
    0x48, 0xad, 0xb1, 0x26, 0x86, 0x2f, 0xe1, 0xbf, 0x9c, 0x7d, 0xf2, 0xe2, 0x54, 0xc7, 0x99, 0xcb,
    0x67, 0xfd, 0x80, 0x32, 0x52, 0x47, 0x0d, 0x71, 0x42, 0x8a, 0xed, 0x17, 0x24, 0x3b, 0xaf, 0x50,
    0xfd, 0x9f, 0x07, 0x5d, 0xd9, 0x6a, 0xc5, 0xf6, 0x2b, 0x66, 0xbb, 0xec, 0x0f, 0xd9, 0x62, 0xac,
    0xd6, 0x19, 0x77, 0xad, 0x13, 0x3c, 0xcf, 0xfb, 0x9c, 0x40, 0x57, 0x70, 0xfc, 0x55, 0x3b, 0x51,
    0xaf, 0xd3, 0xd9, 0x8e, 0x07, 0xd2, 0x69, 0x02, 0xa4, 0xc3, 0x7e, 0xda, 0x43, 0x06, 0xce, 0x14,
    0x2e, 0xa3, 0x30, 0x2c, 0x27, 0x0b, 0xb7, 0xe7, 0x0c, 0x71, 0x26, 0x1b, 0xbd, 0x38, 0x49, 0x6f,
    0x2f, 0x8e, 0xf2, 0x76, 0x66, 0x3f, 0xa3, 0xc9, 0xf4, 0x08, 0x49, 0x20, 0xb7, 0x05, 0xc5, 0x39,
    0xc3, 0xaa, 0xca, 0xec, 0x09, 0x71, 0xcc, 0xee, 0x8d, 0x70, 0xd8, 0x26, 0xba, 0x66, 0x3d, 0xfd,
    0x28, 0x71, 0xb0, 0x09, 0x2d, 0x5b, 0xd2, 0x7c, 0x27, 0x49, 0xb5, 0x57, 0x38, 0x08, 0xd7, 0xe0,
    0xd3, 0x5b, 0x68, 0x4f, 0x48, 0x63, 0x55, 0x9e, 0x26, 0xe8, 0xd2, 0x66, 0x32, 0x55, 0x8f, 0x0f,
    0x3b, 0xe6, 0xe6, 0x18, 0xe8, 0x6a, 0x51, 0x43, 0x82, 0x38, 0x80, 0xd5, 0x08, 0x8f, 0x8b, 0x49,
    0xbb, 0x0f, 0xe0, 0x48, 0xd8, 0x4f, 0x48, 0x43, 0xc4, 0xe1, 0x03, 0x74, 0xbc, 0x14, 0x43, 0xbd,
    0xc2, 0x17, 0xd3, 0x77, 0xf1, 0x47, 0x1c, 0x7f, 0x65, 0xa8, 0xdf, 0x62, 0x1b, 0x3f, 0x04, 0xe0,
    0x9b, 0x24, 0x80, 0x5c, 0xce, 0x2c, 0x4d, 0x30, 0x9c, 0x48, 0x28, 0xe6, 0x18, 0x7b, 0x8b, 0xfe,
    0x9f, 0x1b, 0xa9, 0xf5, 0x1d, 0x33, 0x71, 0x00, 0x47, 0xc2, 0x7e, 0x4a, 0x47, 0x23, 0x7e, 0x40,
    0x9b, 0xb2, 0x2f, 0x9f, 0xd5, 0xdb, 0xf1, 0xe6, 0x9d, 0x18, 0xfb, 0xdc, 0x1f, 0x6b, 0x28, 0xa4,
    0x9d, 0xdb, 0x00, 0xad, 0xb7, 0xf7, 0x20, 0x09, 0xa0, 0x8e, 0x6d, 0x6e, 0x38, 0x71, 0xd0, 0x04,
    0x75, 0x8a, 0x96, 0x42, 0x4b, 0xa0, 0xb5, 0x25, 0x01, 0x24, 0x1b, 0x07, 0x90, 0xd1, 0x40, 0xa0,
    0x20, 0xfb, 0x69, 0x2f, 0x07, 0xdb, 0xf4, 0x0c, 0x3c, 0x6c, 0x05, 0x74, 0xd9, 0x6f, 0x3a, 0xd5,
    0xbc, 0x44, 0xbb, 0xf7, 0xcc, 0x81, 0x2e, 0x93, 0xcd, 0x43, 0xf3, 0x16, 0x65, 0xe5, 0xd0, 0x75,
    0xd9, 0x55, 0x11, 0x9a, 0x4a, 0x4b, 0x6c, 0xd9, 0x54, 0x42, 0x7c, 0x25, 0x89, 0xe7, 0xd8, 0x49,
    0x15, 0xb0, 0x1c, 0xcd, 0xf1, 0x0c, 0x0d, 0xc7, 0x70, 0x98, 0x71, 0xa6, 0x11, 0xd7, 0x16, 0x4f,
    0x06, 0xfb, 0xa0, 0x21, 0xbb, 0xd3, 0x8f, 0xf2, 0x80, 0xab, 0xc8, 0xb0, 0x89, 0x0c, 0xab, 0x09,
    0x78, 0xf4, 0x70, 0x3a, 0x80, 0xef, 0x41, 0xbd, 0xb6, 0x0f, 0x03, 0x78, 0x26, 0x43, 0x7b, 0xfe,
    0x19, 0x0c, 0x56, 0x16, 0xfc, 0x18, 0x42, 0x07, 0x68, 0x40, 0x4f, 0x37, 0x68, 0x28, 0x74, 0x09,
    0xd4, 0xc1, 0x67, 0x83, 0xdf, 0x00, 0xab, 0x08, 0x74, 0xe2, 0xa3, 0x3b, 0x34, 0xfa, 0xeb, 0xdf,
    0xe9, 0x93, 0xf8, 0x03, 0xa2, 0xf7, 0x2f, 0x34, 0x18, 0xcc, 0x04, 0x38, 0x01, 0x35, 0x80, 0x36,
    0xb4, 0xe3, 0x37, 0x20, 0xc3, 0x4b, 0x37, 0x06, 0x83, 0x11, 0x80, 0xc1, 0x60, 0x30, 0x13, 0xc0,
    0x60, 0x30, 0x18, 0x01, 0x18, 0x0c, 0x06, 0xa4, 0xbe, 0x0a, 0xd0, 0x13, 0x1a, 0x52, 0x9b, 0x0b,
    0x8d, 0x2f, 0x9e, 0x81, 0x66, 0x2f, 0x76, 0x36, 0x34, 0x30, 0xa8, 0x3b, 0x34, 0x2e, 0x60, 0x16,
    0x9a, 0xa3, 0x96, 0xda, 0xd1, 0xfe, 0xf5, 0x72, 0xb4, 0x5f, 0x81, 0xae, 0xa7, 0x4f, 0x83, 0xa6,
    0x6f, 0x02, 0xba, 0xce, 0xbf, 0x00, 0x1a, 0xc2, 0x7b, 0x8d, 0x73, 0x8f, 0x97, 0xd1, 0x1c, 0xed,
    0x96, 0x0b, 0x5d, 0x3e, 0xeb, 0x08, 0x5d, 0x03, 0x5f, 0x86, 0x66, 0x47, 0xda, 0x20, 0x68, 0xd2,
    0x85, 0x57, 0xad, 0x75, 0x86, 0x13, 0xee, 0x9b, 0xea, 0x73, 0x83, 0xcf, 0xd2, 0x13, 0xd1, 0x09,
    0x19, 0x2f, 0x27, 0x88, 0x82, 0x6c, 0x0b, 0x4d, 0xcc, 0xe8, 0x0f, 0xcd, 0x99, 0xc8, 0x82, 0xae,
    0xd5, 0xe7, 0x87, 0x1c, 0x3f, 0x11, 0xba, 0x52, 0xd0, 0x00, 0x5d, 0x0f, 0xde, 0x16, 0x72, 0xdc,
    0x79, 0xd0, 0xec, 0xcb, 0x06, 0x68, 0xac, 0x42, 0x21, 0x34, 0x06, 0x3e, 0xdd, 0xd1, 0x81, 0x1d,
    0x91, 0x5c, 0x31, 0x15, 0xc3, 0x09, 0x4a, 0x00, 0x1d, 0xa1, 0xb1, 0xd2, 0x0f, 0x40, 0x33, 0x90,
    0x56, 0x3b, 0x79, 0xf9, 0x83, 0xa0, 0xe9, 0x9b, 0x0f, 0x43, 0x63, 0xa5, 0xdd, 0x4c, 0xa7, 0x76,
    0xd0, 0xbc, 0x81, 0x1f, 0x42, 0xbd, 0xdf, 0x1f, 0x41, 0x63, 0xf4, 0xc7, 0x42, 0x8b, 0x40, 0xd6,
    0xf3, 0xbc, 0xf7, 0xa1, 0x39, 0xe1, 0xd7, 0x00, 0xb8, 0x12, 0xcd, 0x09, 0x30, 0x35, 0xbe, 0xa4,
    0xa3, 0x7f, 0x82, 0x06, 0x20, 0xfd, 0x84, 0x03, 0xba, 0x0a, 0x5a, 0x64, 0xe1, 0x7b, 0x1c, 0x6c,
    0x4f, 0xf8, 0xb4, 0x96, 0x3c, 0x68, 0x45, 0x9d, 0xaf, 0x41, 0x2b, 0xb4, 0xac, 0x41, 0x73, 0x9a,
    0xe8, 0x60, 0x68, 0x1a, 0xf2, 0x43, 0x01, 0xcf, 0x9d, 0xcb, 0xf7, 0x7a, 0x3a, 0xa2, 0x6d, 0x7e,
    0x02, 0x0d, 0x46, 0x29, 0x43, 0x74, 0x4a, 0xef, 0x2d, 0x24, 0xa8, 0x93, 0x39, 0xf0, 0xb7, 0x47,
    0x10, 0x40, 0x7f, 0xb6, 0x55, 0x3e, 0xdb, 0x77, 0x5b, 0xc4, 0x71, 0x4f, 0x40, 0x1d, 0x8c, 0xa5,
    0xd0, 0x08, 0xb2, 0xdc, 0x80, 0x1a, 0x78, 0x61, 0x18, 0x00, 0x8d, 0xdc, 0xec, 0x0e, 0x0d, 0x4a,
    0xda, 0x0f, 0x4d, 0xa0, 0x29, 0x22, 0x79, 0x76, 0x87, 0x96, 0x02, 0xeb, 0x07, 0x0d, 0xff, 0x2e,
    0xb4, 0xa1, 0xf0, 0xf9, 0x26, 0x80, 0x42, 0x68, 0x1d, 0x80, 0x43, 0xd0, 0xc2, 0x06, 0xb3, 0x1c,
    0x02, 0x18, 0xc1, 0x99, 0xab, 0x8a, 0x03, 0x7c, 0xab, 0x2f, 0xa1, 0x65, 0x1b, 0xff, 0x1d, 0x45,
    0x81, 0xf2, 0xce, 0xa9, 0xe7, 0xf5, 0x87, 0x41, 0x63, 0xf8, 0xfb, 0xf2, 0xfb, 0x22, 0x68, 0xf4,
    0x5b, 0x8d, 0x2f, 0xc5, 0x72, 0x36, 0x74, 0x2d, 0xfd, 0x71, 0x68, 0x95, 0xe0, 0x32, 0x1e, 0x73,
    0x07, 0x34, 0x2f, 0xfc, 0x67, 0xd0, 0x8c, 0xb6, 0x83, 0xbe, 0xdd, 0x6a, 0x57, 0xf2, 0xd8, 0x0b,
    0x78, 0x8d, 0x75, 0x4e, 0xc2, 0xc5, 0x05, 0xd4, 0x48, 0xfc, 0xcf, 0x5d, 0xcb, 0x77, 0x9e, 0x8e,
    0xcf, 0x56, 0xa0, 0x79, 0x94, 0x64, 0x53, 0x9e, 0x20, 0x0a, 0xad, 0x33, 0x67, 0xe9, 0x9b, 0x38,
    0x30, 0x9f, 0xa4, 0x16, 0x94, 0x8e, 0x6a, 0xb0, 0x5e, 0x11, 0x96, 0x8e, 0xd0, 0xbc, 0xf3, 0x3b,
    0xf8, 0x9e, 0x71, 0x08, 0xe0, 0x42, 0x7e, 0xbe, 0x04, 0x4d, 0xec, 0x6a, 0x62, 0x9b, 0xaf, 0x26,
    0xf1, 0xec, 0x87, 0xd6, 0x7e, 0xb8, 0x98, 0xfd, 0xb0, 0xc0, 0x86, 0x81, 0x11, 0x40, 0x03, 0x34,
    0x17, 0x60, 0x19, 0xb4, 0x2c, 0xd8, 0x30, 0xaa, 0xec, 0x75, 0x9c, 0xb9, 0xcf, 0xa0, 0x6a, 0x5b,
    0x10, 0x50, 0x8a, 0x69, 0x27, 0xc9, 0x62, 0x1c, 0x07, 0x3a, 0x28, 0x78, 0x05, 0x1c, 0x24, 0x23,
    0xa1, 0x45, 0x2f, 0xfb, 0x70, 0x56, 0x9e, 0x1d, 0x92, 0xf8, 0x50, 0x08, 0x4d, 0x8a, 0xe8, 0x0d,
    0x8d, 0x8b, 0xbf, 0x89, 0xc2, 0x7a, 0x0e, 0xb4, 0xc2, 0xed, 0xbc, 0x80, 0xe5, 0xb5, 0x46, 0xde,
    0x7b, 0x11, 0xd5, 0xfd, 0xd1, 0xfc, 0xbb, 0x8e, 0x64, 0x33, 0x96, 0xff, 0x0f, 0x7a, 0xee, 0xd7,
    0x7d, 0x9b, 0x36, 0xdc, 0xc4, 0xfb, 0x76, 0x86, 0x26, 0x68, 0x2c, 0xc0, 0x67, 0x37, 0x26, 0xf1,
    0x93, 0x45, 0x0f, 0xaa, 0xfd, 0x1f, 0x03, 0x78, 0x2d, 0x62, 0x46, 0x4f, 0x16, 0x8b, 0xf8, 0x39,
    0x8b, 0x33, 0xf5, 0x50, 0x68, 0xe8, 0x73, 0x6e, 0x82, 0x12, 0x5a, 0x5d, 0xa8, 0xad, 0x7d, 0x97,
    0x1a, 0x16, 0x1c, 0x42, 0x1e, 0x11, 0x70, 0xfc, 0xaf, 0x8f, 0xa1, 0x44, 0x2f, 0xc3, 0x51, 0x8e,
    0x04, 0xdc, 0xc0, 0x41, 0x3e, 0x95, 0x83, 0x6e, 0x21, 0x07, 0xd2, 0x04, 0x68, 0x80, 0xcb, 0x92,
    0x90, 0x6c, 0xbb, 0x62, 0x7e, 0x3f, 0x89, 0x03, 0xbd, 0x35, 0x85, 0x6d, 0x0e, 0x07, 0xd3, 0x28,
    0x9a, 0x09, 0xc3, 0x78, 0xbf, 0xf5, 0x11, 0xb3, 0xe4, 0x32, 0xce, 0x4e, 0x43, 0xa8, 0xfa, 0x37,
    0x42, 0x63, 0xb8, 0xdf, 0x0c, 0xa8, 0x12, 0x0c, 0xa7, 0xf2, 0xcc, 0x12, 0x9a, 0x16, 0xe7, 0x43,
    0xd3, 0x69, 0xeb, 0x68, 0x47, 0x67, 0x47, 0x3c, 0x37, 0x9c, 0x75, 0xfc, 0x2b, 0xa0, 0x19, 0x90,
    0xfd, 0xa1, 0x29, 0xb2, 0x33, 0xa1, 0xf9, 0x10, 0x48, 0xe0, 0x40, 0x75, 0xeb, 0x29, 0xd4, 0x65,
    0xa0, 0x7f, 0x6a, 0x1d, 0x9f, 0x46, 0x2b, 0x24, 0x2e, 0x58, 0xe2, 0x15, 0x68, 0xdd, 0x05, 0x2d,
    0x4c, 0xb9, 0x19, 0x9a, 0x32, 0x3d, 0x9c, 0x04, 0x3d, 0x94, 0xff, 0xdf, 0x4e, 0xd5, 0x7f, 0x01,
    0x34, 0x8f, 0xc2, 0x60, 0x04, 0x80, 0x52, 0x68, 0xd1, 0x8e, 0x4d, 0x54, 0xf9, 0x87, 0x51, 0xf8,
    0x26, 0x51, 0x60, 0xd6, 0x87, 0xcc, 0xdc, 0x3b, 0x38, 0xc0, 0x84, 0xb3, 0x7d, 0x03, 0xb4, 0x1a,
    0xd0, 0x7a, 0x12, 0xc0, 0x14, 0xce, 0x96, 0x23, 0x29, 0xd0, 0x9b, 0x7d, 0xc5, 0x41, 0xe1, 0xcb,
    0x98, 0xda, 0x48, 0x55, 0x77, 0x2a, 0x9f, 0x6f, 0x26, 0x1d, 0x82, 0x75, 0x11, 0x95, 0x63, 0xd7,
    0x53, 0xcd, 0x3f, 0x87, 0xe4, 0x53, 0xcb, 0xe7, 0xde, 0x41, 0x93, 0x20, 0x2c, 0xd5, 0xb2, 0x0d,
    0xb4, 0x0a, 0xf2, 0x1d, 0xb4, 0x99, 0xdf, 0x20, 0xd9, 0xbc, 0x87, 0xcc, 0x14, 0xcb, 0x44, 0x06,
    0x0b, 0x71, 0xc2, 0xd9, 0x06, 0xeb, 0x09, 0x6a, 0x10, 0xdb, 0x48, 0xc8, 0xfd, 0xe9, 0x17, 0x38,
    0x85, 0xef, 0x7c, 0x90, 0x7d, 0x96, 0x6f, 0x69, 0xc7, 0x46, 0x00, 0x08, 0xd0, 0x02, 0xee, 0xa4,
    0xfa, 0x5c, 0x4d, 0xe1, 0xf9, 0x4b, 0xc4, 0x2c, 0x5a, 0xe9, 0xd4, 0x44, 0x1f, 0x45, 0x02, 0x38,
    0x44, 0xe1, 0xf3, 0xaa, 0x02, 0x8d, 0x70, 0xea, 0xa5, 0x15, 0x47, 0xa8, 0x9d, 0x9d, 0x39, 0x8b,
    0xdf, 0xcb, 0x6b, 0x00, 0x5a, 0x34, 0xb3, 0x98, 0x24, 0x74, 0x28, 0x42, 0x0b, 0x58, 0x40, 0x02,
    0x38, 0x9b, 0xcf, 0xdd, 0x19, 0x9a, 0x22, 0xbc, 0x21, 0x62, 0x06, 0xbf, 0x0c, 0x5a, 0x73, 0xed,
    0x62, 0x92, 0xce, 0x5f, 0xa0, 0x65, 0x97, 0xe2, 0x54, 0x2e, 0x72, 0xab, 0xdd, 0xd6, 0x66, 0x28,
    0xf6, 0xbf, 0xde, 0x51, 0xf9, 0xf3, 0xa8, 0xad, 0x54, 0x21, 0xba, 0x8c, 0xf6, 0x8b, 0x50, 0xcf,
    0x7e, 0xb5, 0xf3, 0x6c, 0xeb, 0x42, 0x6a, 0xe8, 0x19, 0x8c, 0x00, 0xe0, 0xaf, 0xa9, 0xb6, 0x02,
    0x5a, 0xbb, 0x7c, 0x12, 0x85, 0xa8, 0x9e, 0x6a, 0xf8, 0x46, 0x44, 0xe7, 0xe9, 0x6f, 0xe0, 0x40,
    0xca, 0x72, 0xb4, 0x85, 0xf6, 0x9c, 0xf1, 0xcf, 0xa1, 0x6d, 0xbf, 0x24, 0xa2, 0xea, 0x6d, 0x0e,
    0x67, 0xfd, 0xdb, 0xe9, 0x2f, 0x78, 0x9a, 0xd7, 0xfa, 0x16, 0x80, 0xdb, 0xa0, 0xab, 0x02, 0xaf,
    0x85, 0x90, 0xc7, 0x76, 0xe8, 0x0a, 0x40, 0x11, 0x09, 0xa4, 0x26, 0xc6, 0x73, 0x9f, 0xc7, 0xd9,
    0xff, 0x46, 0x3e, 0xbb, 0x57, 0x95, 0x37, 0x51, 0xfa, 0xe9, 0x79, 0x50, 0x07, 0xe3, 0xc9, 0xbc,
    0x57, 0x79, 0x02, 0x72, 0x42, 0x0b, 0xd3, 0x58, 0xb7, 0xf0, 0x9d, 0x2f, 0xe5, 0xc0, 0x2e, 0x4f,
    0xb0, 0xd4, 0xb8, 0xc7, 0xc4, 0xda, 0x90, 0x2a, 0x01, 0xd4, 0x90, 0x04, 0x96, 0x73, 0xd0, 0x7a,
    0xb5, 0xfe, 0x0b, 0x12, 0x38, 0xc4, 0x8a, 0x39, 0xe8, 0x2f, 0xa3, 0xe9, 0xf0, 0x3b, 0xa7, 0x64,
    0xd7, 0x7a, 0x68, 0xac, 0x00, 0x22, 0xcc, 0x08, 0x70, 0x30, 0x4d, 0xa3, 0x13, 0xeb, 0x65, 0xaa,
    0xe1, 0x59, 0xd0, 0xe5, 0xba, 0xeb, 0x49, 0x24, 0x7b, 0x43, 0x7c, 0x01, 0xc2, 0x19, 0x6e, 0x01,
    0xd5, 0x79, 0xf0, 0x1d, 0xc2, 0x9e, 0xbb, 0x1b, 0xef, 0x77, 0x37, 0xcd, 0x91, 0x5f, 0x51, 0x55,
    0xbe, 0x05, 0x89, 0xe3, 0x00, 0xbc, 0x25, 0xba, 0xae, 0xd4, 0x7e, 0x7e, 0x41, 0x72, 0xca, 0x84,
    0x0f, 0xa0, 0x8c, 0xef, 0xfc, 0x07, 0x6a, 0x42, 0xe7, 0x42, 0xeb, 0x1e, 0x44, 0x2d, 0x35, 0x1a,
    0x0c, 0x2d, 0x4a, 0x07, 0xf6, 0xcc, 0x80, 0xf3, 0x69, 0x2f, 0x2e, 0x89, 0xa8, 0xd5, 0x0f, 0x67,
    0x25, 0xa0, 0xc0, 0x59, 0xfa, 0xdb, 0xe0, 0x68, 0x00, 0xeb, 0x9d, 0x01, 0xb5, 0x2d, 0xa4, 0xe8,
    0xc6, 0x60, 0xe8, 0xd2, 0xd5, 0xad, 0xd0, 0xe5, 0xae, 0xd7, 0xd1, 0x5c, 0x31, 0xb6, 0x2b, 0x7f,
    0xbf, 0x8d, 0xa4, 0xb2, 0x0d, 0xc1, 0xde, 0xf6, 0xf5, 0x50, 0xc7, 0x9d, 0xb7, 0x95, 0x79, 0x94,
    0xf3, 0xaf, 0x2d, 0x67, 0xf0, 0x5c, 0x6a, 0x26, 0x4f, 0x27, 0x11, 0x07, 0xb0, 0x1d, 0xba, 0xf3,
    0x4f, 0x0f, 0x9a, 0x2a, 0x77, 0x51, 0xcb, 0xc8, 0xce, 0x50, 0xa0, 0x4e, 0x27, 0xbe, 0xfb, 0x6a,
    0x68, 0x35, 0xdd, 0x03, 0xc7, 0xcb, 0xc6, 0x93, 0x86, 0xe3, 0x93, 0x00, 0x76, 0x70, 0x20, 0x4d,
    0x77, 0x66, 0xa1, 0x6d, 0x31, 0x6c, 0xd5, 0x75, 0x68, 0xde, 0xd2, 0xab, 0x88, 0xea, 0xea, 0x61,
    0xa8, 0x73, 0x6e, 0x3a, 0x67, 0xe9, 0xfc, 0x10, 0xa7, 0x56, 0x03, 0xef, 0xfb, 0x0d, 0x9e, 0x37,
    0xcb, 0xb1, 0x7d, 0x67, 0x51, 0x13, 0xe8, 0xc0, 0xe3, 0x1a, 0x12, 0xd8, 0xcb, 0x0d, 0x7c, 0xe6,
    0xd5, 0x08, 0x0f, 0x70, 0xd9, 0xe7, 0x3c, 0x17, 0x22, 0x22, 0x01, 0x0f, 0x86, 0x2c, 0xd1, 0x2d,
    0x86, 0x16, 0x00, 0x19, 0x46, 0xad, 0x61, 0x00, 0xd4, 0xf1, 0x99, 0xee, 0x3d, 0x05, 0x7a, 0xf0,
    0x1e, 0x6d, 0xa1, 0xce, 0xd0, 0x3f, 0x9d, 0x40, 0x1b, 0x87, 0x18, 0x8e, 0xe1, 0x82, 0x20, 0x7f,
    0x4b, 0xe1, 0x5a, 0xf3, 0x03, 0xd4, 0x73, 0xa1, 0xdd, 0x8e, 0x18, 0x81, 0x2f, 0xbf, 0x46, 0xf8,
    0x8e, 0x40, 0x7f, 0x42, 0xbc, 0xe8, 0xb7, 0x51, 0x50, 0xe7, 0xdf, 0xdf, 0x38, 0x2b, 0x87, 0xcd,
    0xc8, 0xd5, 0xd0, 0xad, 0x99, 0xd0, 0x02, 0xcf, 0xfc, 0x01, 0x87, 0x20, 0x12, 0xed, 0x71, 0x97,
    0x2a, 0x72, 0x1d, 0x47, 0xe3, 0xa1, 0x13, 0x70, 0xef, 0x00, 0x83, 0x55, 0x04, 0x6a, 0x31, 0x46,
    0xd0, 0x5c, 0xc9, 0x83, 0x3a, 0xf5, 0xaa, 0x48, 0x44, 0x99, 0x2e, 0xca, 0x21, 0x8e, 0x36, 0x93,
    0x85, 0x34, 0x6f, 0xda, 0x18, 0x70, 0x5d, 0x39, 0x46, 0xf6, 0x33, 0x30, 0x18, 0x01, 0x1c, 0x53,
    0xe8, 0x07, 0xe0, 0x3e, 0x68, 0xd4, 0x5c, 0x29, 0x35, 0x89, 0x0f, 0x70, 0x64, 0xf6, 0x07, 0x38,
    0xd2, 0x03, 0xd2, 0x08, 0xc0, 0x60, 0x04, 0x10, 0xe0, 0xb3, 0xf8, 0x35, 0x80, 0xdf, 0xd0, 0xe7,
    0xb0, 0x0e, 0xba, 0xeb, 0x4c, 0xa6, 0xd1, 0xe0, 0xac, 0xfd, 0xb7, 0xcd, 0x90, 0x09, 0xd0, 0x8e,
    0xd7, 0x06, 0x74, 0x95, 0xc1, 0xc2, 0x76, 0x0d, 0x46, 0x00, 0xf8, 0xec, 0xaa, 0xc5, 0xd1, 0xd8,
    0x10, 0xe4, 0x10, 0xb4, 0x00, 0x68, 0x13, 0x34, 0x25, 0xf8, 0x3a, 0xa8, 0x03, 0x73, 0x49, 0x1a,
    0x96, 0xe8, 0xbc, 0x58, 0x83, 0xce, 0xd0, 0x10, 0xde, 0x32, 0xa8, 0xe3, 0xd2, 0x0a, 0x8d, 0x1a,
    0x8c, 0x00, 0x8e, 0x11, 0x1c, 0xa6, 0x9f, 0xe1, 0x05, 0x68, 0xb8, 0xf3, 0xbf, 0xc7, 0x48, 0x07,
    0x8e, 0x8b, 0xfe, 0x00, 0x7e, 0x0c, 0x75, 0x2e, 0xee, 0x82, 0xee, 0x7a, 0x64, 0xeb, 0xfe, 0x06,
    0x23, 0x80, 0x63, 0x0c, 0x73, 0xa8, 0x09, 0xbc, 0xc3, 0xc1, 0x9a, 0x95, 0xc6, 0x74, 0xe0, 0xef,
    0x3b, 0x05, 0x41, 0x36, 0xc1, 0x0a, 0x8d, 0x1a, 0x60, 0x45, 0x41, 0x8f, 0x77, 0xc4, 0xad, 0x08,
    0x64, 0x30, 0x18, 0x01, 0x18, 0x0c, 0x06, 0x58, 0x51, 0x50, 0x83, 0xc1, 0x60, 0x04, 0x60, 0x30,
    0x18, 0x8c, 0x00, 0x0c, 0x06, 0x83, 0x11, 0x80, 0xc1, 0x60, 0x30, 0x02, 0x30, 0x18, 0x0c, 0x46,
    0x00, 0x06, 0x83, 0xc1, 0x08, 0xc0, 0x60, 0x30, 0x18, 0x01, 0x18, 0x0c, 0x06, 0x23, 0x00, 0x83,
    0xc1, 0x60, 0x04, 0x60, 0x30, 0x18, 0x8c, 0x00, 0x0c, 0x06, 0x83, 0x11, 0x80, 0xc1, 0x60, 0x30,
    0x02, 0x30, 0x18, 0x0c, 0x46, 0x00, 0x06, 0x83, 0x11, 0x80, 0xc1, 0x60, 0x30, 0x02, 0x30, 0x18,
    0x0c, 0x46, 0x00, 0x06, 0x83, 0xc1, 0x08, 0xc0, 0x60, 0x30, 0x18, 0x01, 0x18, 0x0c, 0x06, 0x23,
    0x00, 0x83, 0xc1, 0x60, 0x04, 0x60, 0x30, 0x18, 0x8c, 0x00, 0x0c, 0x06, 0x83, 0x11, 0x80, 0xc1,
    0x60, 0x30, 0x02, 0x30, 0x18, 0x0c, 0x46, 0x00, 0x06, 0x83, 0xc1, 0x08, 0xc0, 0x60, 0x30, 0x18,
    0x01, 0x18, 0x0c, 0x06, 0x23, 0x00, 0x83, 0xc1, 0x60, 0x04, 0x60, 0x30, 0x18, 0x8c, 0x00, 0x0c,
    0x06, 0x83, 0x11, 0x80, 0xc1, 0x60, 0x30, 0x02, 0x30, 0x18, 0x0c, 0x46, 0x00, 0x06, 0x83, 0xc1,
    0x08, 0xc0, 0x60, 0x30, 0x18, 0x01, 0x18, 0x0c, 0x06, 0x23, 0x00, 0x83, 0xc1, 0x60, 0x04, 0x60,
    0x30, 0x18, 0x8c, 0x00, 0x0c, 0x06, 0x83, 0x11, 0x80, 0xc1, 0x60, 0x30, 0x02, 0x30, 0x18, 0x0c,
    0x46, 0x00, 0x06, 0x83, 0xc1, 0x08, 0xc0, 0x60, 0x30, 0x18, 0x01, 0x18, 0x0c, 0x06, 0x23, 0x00,
    0x83, 0xc1, 0x60, 0x04, 0x60, 0x30, 0x18, 0x8c, 0x00, 0x0c, 0x06, 0x83, 0x11, 0x80, 0xc1, 0x60,
    0x30, 0x02, 0x30, 0x18, 0x0c, 0x46, 0x00, 0x06, 0x83, 0xc1, 0x08, 0xc0, 0x60, 0x30, 0x18, 0x01,
    0x18, 0x0c, 0x46, 0x00, 0x06, 0x83, 0xc1, 0x08, 0xc0, 0x60, 0x30, 0x18, 0x01, 0x18, 0x0c, 0x06,
    0x23, 0x00, 0x83, 0xc1, 0x60, 0x04, 0x60, 0x30, 0x18, 0x8c, 0x00, 0x0c, 0x06, 0x83, 0x11, 0x80,
    0xc1, 0x60, 0x30, 0x02, 0x30, 0x18, 0x0c, 0x46, 0x00, 0x06, 0x83, 0xc1, 0x08, 0xc0, 0x60, 0x30,
    0x18, 0x01, 0x18, 0x0c, 0x06, 0x23, 0x00, 0x83, 0xc1, 0x60, 0x04, 0x60, 0x30, 0x18, 0x8c, 0x00,
    0x0c, 0x06, 0x83, 0x11, 0x80, 0xc1, 0x60, 0x30, 0x02, 0x30, 0x18, 0x0c, 0x46, 0x00, 0x06, 0x83,
    0xc1, 0x08, 0xc0, 0x60, 0x30, 0x18, 0x01, 0x18, 0x0c, 0x06, 0x23, 0x00, 0x83, 0xc1, 0x60, 0x04,
    0x60, 0x30, 0x18, 0x8c, 0x00, 0x0c, 0x06, 0x83, 0x11, 0x80, 0xc1, 0x60, 0x30, 0x02, 0x30, 0x18,
    0x0c, 0x46, 0x00, 0x06, 0x83, 0xc1, 0x08, 0xc0, 0x60, 0x30, 0x18, 0x01, 0x18, 0x0c, 0x06, 0x23,
    0x00, 0x83, 0xc1, 0x60, 0x04, 0x60, 0x30, 0x18, 0x8c, 0x00, 0x0c, 0x06, 0x83, 0x11, 0x80, 0xc1,
    0x60, 0x30, 0x02, 0x30, 0x18, 0x0c, 0x46, 0x00, 0x06, 0x83, 0xc1, 0x08, 0xc0, 0x60, 0x30, 0x18,
    0x01, 0x18, 0x0c, 0x06, 0x23, 0x00, 0x83, 0xc1, 0x60, 0x04, 0x60, 0x30, 0x18, 0x01, 0x18, 0x0c,
    0x06, 0x23, 0x00, 0x83, 0xc1, 0x60, 0x04, 0x60, 0x30, 0x18, 0x8c, 0x00, 0x0c, 0x06, 0x83, 0x11,
    0x80, 0xc1, 0x60, 0x30, 0x02, 0x30, 0x18, 0x0c, 0x46, 0x00, 0x06, 0x83, 0xc1, 0x08, 0xc0, 0x60,
    0x30, 0x18, 0x01, 0x18, 0x0c, 0x06, 0x23, 0x00, 0x83, 0xc1, 0x60, 0x04, 0x60, 0x30, 0x18, 0x8c,
    0x00, 0x0c, 0x06, 0x83, 0x11, 0x80, 0xc1, 0x60, 0x30, 0x02, 0x30, 0x18, 0x0c, 0x46, 0x00, 0x06,
    0x83, 0xc1, 0x08, 0xc0, 0x60, 0x30, 0x18, 0x01, 0x18, 0x0c, 0x06, 0x23, 0x00, 0x83, 0xc1, 0x60,
    0x04, 0x60, 0x30, 0x18, 0x8c, 0x00, 0x0c, 0x06, 0x83, 0x11, 0x80, 0xc1, 0x60, 0x30, 0x02, 0x30,
    0x18, 0x0c, 0x46, 0x00, 0x06, 0x83, 0xc1, 0x08, 0xc0, 0x60, 0x30, 0x18, 0x01, 0x18, 0x0c, 0x06,
    0x23, 0x00, 0x83, 0xc1, 0x60, 0x04, 0x60, 0x30, 0x18, 0x8c, 0x00, 0x0c, 0x06, 0x83, 0x11, 0x80,
    0xc1, 0x60, 0x30, 0x02, 0x30, 0x18, 0x0c, 0x46, 0x00, 0x06, 0x83, 0xc1, 0x08, 0xc0, 0x60, 0x30,
    0x18, 0x01, 0x18, 0x0c, 0x06, 0x23, 0x00, 0x83, 0xc1, 0x60, 0x04, 0x60, 0x30, 0x18, 0x8c, 0x00,
    0x0c, 0x06, 0x23, 0x00, 0x6b, 0x02, 0x83, 0xe1, 0xf3, 0x8b, 0xff, 0x07, 0x78, 0x6c, 0xad, 0x2d,
    0x3f, 0x69, 0xf2, 0x78, 0x00, 0x00, 0x00, 0x00, 0x49, 0x45, 0x4e, 0x44, 0xae, 0x42, 0x60, 0x82,
};
#endif
